-0.846521,0.090170,-0.501408,-0.752793,-0.793959,-0.198862,0.275425,0.048228,-0.888158,0.605446,0.069823,0.733989,0.101093,0.021870,0.555613,0.417984,-0.765625,-0.878440,-0.747028,-0.064013,0.524567,-0.492575,0.484730,0.304059,0.430067,-0.192484,-0.510644,0.029132,0.511961,0.327819,-0.501751,-0.885610,-0.301838,-0.587008,-0.550975,0.423387,0.454709,-0.917034,-0.884919,-0.554387,0.735848,-0.122223,0.703291,-0.569114,-0.097892,-0.643803,-0.957683,0.695096,-0.392978,-0.084341,0.354900,-0.960181,-0.196130,0.070753,-0.393145,-0.290446,0.176316,-0.030297,0.420965,0.725324,-0.905232,-0.396215,0.387748,-0.072705,0.346052,0.359470,0.079049,0.186163,0.554043,0.594529,-0.171946,-0.267823,-0.641060,-0.490700,0.933915,-0.517681,0.264560,-0.259987,0.611027,0.894900,0.767017,0.667891,-0.565331,0.939202,-0.019590,-0.582450,-0.286419,0.117155,0.948636,0.891967,-0.186946,-0.363609,-0.496587,-0.723512,-0.820963,0.462237,0.390279,-0.474740,0.767320,0.565328
-0.679844,0.066838,-0.239724,-0.497910,-0.642375,-0.186565,0.240660,0.013745,-0.674351,0.434718,0.103983,0.655265,0.147560,0.077935,0.443978,0.401242,-0.648203,-0.683365,-0.580584,-0.057922,0.433234,-0.473810,0.369808,0.334582,0.259105,-0.104059,-0.418591,0.066015,0.338875,0.315778,-0.333816,-0.641519,-0.204090,-0.422710,-0.441741,0.429559,0.370912,-0.732452,-0.692997,-0.422921,0.601264,-0.079785,0.584331,-0.334929,-0.038673,-0.488665,-0.634062,0.552629,-0.285666,-0.007403,0.277926,-0.721171,-0.137051,0.070881,-0.358467,-0.258062,0.191543,-0.029297,0.318763,0.549601,-0.678928,-0.277241,0.196053,0.019842,0.283081,0.302717,0.094921,0.248400,0.445326,0.489656,-0.201246,-0.294463,-0.404487,-0.357357,0.774552,-0.364818,0.215553,-0.126732,0.512327,0.597260,0.617207,0.529278,-0.359360,0.788273,0.026355,-0.339747,-0.140155,0.104431,0.735932,0.788407,-0.158921,-0.216833,-0.352280,-0.547178,-0.617230,0.342011,0.299540,-0.348900,0.616849,0.491728
-0.528786,0.062092,-0.048297,-0.305909,-0.529220,-0.169178,0.232945,-0.009709,-0.502783,0.301849,0.117923,0.596277,0.192037,0.106645,0.349341,0.402766,-0.556568,-0.528347,-0.455479,-0.045168,0.366732,-0.447724,0.275866,0.360493,0.137390,-0.023956,-0.327023,0.091501,0.216095,0.303161,-0.188896,-0.466672,-0.148407,-0.288994,-0.339247,0.428533,0.303201,-0.582422,-0.537832,-0.333881,0.518590,-0.041521,0.498400,-0.156722,0.033691,-0.361878,-0.392677,0.451789,-0.195695,0.062480,0.236369,-0.529557,-0.079029,0.080472,-0.336165,-0.224125,0.212721,-0.014347,0.245762,0.438130,-0.493940,-0.184396,0.071964,0.099362,0.244793,0.268426,0.106468,0.292096,0.351697,0.408816,-0.211059,-0.303087,-0.219811,-0.234688,0.653856,-0.258928,0.172547,-0.033856,0.432535,0.399888,0.494272,0.415044,-0.189921,0.684343,0.052256,-0.160721,-0.030150,0.093574,0.566143,0.704569,-0.123132,-0.101269,-0.236971,-0.409515,-0.448617,0.253843,0.235344,-0.239964,0.495784,0.430162
-0.405445,0.063913,0.089264,-0.155916,-0.427946,-0.146838,0.240805,-0.022252,-0.367586,0.190045,0.125593,0.549638,0.231340,0.126958,0.282397,0.411830,-0.479620,-0.400750,-0.361783,-0.020064,0.312985,-0.418124,0.216881,0.372536,0.044069,0.033803,-0.236680,0.122049,0.129418,0.289586,-0.070078,-0.332789,-0.096697,-0.177766,-0.261147,0.426461,0.251709,-0.462647,-0.413265,-0.264450,0.467689,-0.010916,0.429278,-0.025970,0.089242,-0.264000,-0.209194,0.377034,-0.115306,0.110845,0.213176,-0.372493,-0.029128,0.090271,-0.316030,-0.183514,0.235133,0.006319,0.196698,0.356307,-0.338867,-0.113762,-0.009069,0.160347,0.217966,0.248904,0.114109,0.331014,0.283551,0.343712,-0.216845,-0.296536,-0.079243,-0.121432,0.553669,-0.175789,0.129824,0.044572,0.377300,0.272921,0.392928,0.329695,-0.050061,0.605686,0.067518,-0.026321,0.051118,0.093453,0.443534,0.636035,-0.087776,-0.002052,-0.158097,-0.290732,-0.319797,0.197363,0.192486,-0.157764,0.401795,0.375228
-0.308496,0.070546,0.190602,-0.046770,-0.347250,-0.123027,0.260789,-0.022051,-0.261318,0.107465,0.127022,0.513035,0.266492,0.140713,0.226715,0.420782,-0.415176,-0.303088,-0.286417,-0.002695,0.273875,-0.387456,0.174916,0.383835,-0.029168,0.086849,-0.152121,0.156150,0.067722,0.280121,0.027332,-0.238676,-0.060822,-0.091824,-0.195283,0.429754,0.212032,-0.365582,-0.306796,-0.216882,0.428524,0.018930,0.369865,0.074385,0.145712,-0.183506,-0.067752,0.327886,-0.046500,0.146122,0.202278,-0.250928,0.008845,0.100426,-0.296170,-0.153111,0.253058,0.026332,0.168125,0.301754,-0.212766,-0.058653,-0.062861,0.208029,0.189928,0.242597,0.119136,0.360434,0.238642,0.296278,-0.216004,-0.279609,0.031800,-0.028111,0.479465,-0.103022,0.093284,0.097830,0.336830,0.194508,0.314682,0.265778,0.063843,0.554468,0.073135,0.072272,0.115833,0.101545,0.349019,0.588503,-0.054715,0.073693,-0.095312,-0.200952,-0.219775,0.156468,0.161925,-0.095173,0.326537,0.328594
-0.224877,0.083811,0.265878,0.036976,-0.287163,-0.100866,0.284287,-0.017092,-0.177332,0.044975,0.125876,0.485292,0.295474,0.148994,0.186644,0.437889,-0.362655,-0.225605,-0.234093,0.020312,0.247867,-0.355246,0.146328,0.392347,-0.080561,0.126797,-0.072611,0.186806,0.026098,0.272544,0.112208,-0.166910,-0.025080,-0.021021,-0.143982,0.431722,0.178138,-0.287280,-0.219951,-0.176333,0.404590,0.041145,0.326126,0.151711,0.189608,-0.118452,0.039957,0.295155,0.012629,0.167904,0.201721,-0.149686,0.036810,0.111020,-0.277023,-0.115043,0.274030,0.049274,0.151299,0.266726,-0.109932,-0.019167,-0.093324,0.246555,0.174740,0.240595,0.126795,0.384172,0.210047,0.261334,-0.212796,-0.251833,0.119805,0.055199,0.422148,-0.049645,0.064765,0.141166,0.308145,0.149074,0.251192,0.212088,0.156791,0.517656,0.072388,0.146519,0.174075,0.109119,0.283382,0.552927,-0.023422,0.136392,-0.047699,-0.129899,-0.139189,0.135921,0.143415,-0.050393,0.268032,0.289244
-0.152219,0.098647,0.318556,0.107664,-0.240500,-0.075854,0.312279,-0.011088,-0.104732,-0.003339,0.126894,0.459481,0.321018,0.157176,0.156322,0.453625,-0.318460,-0.166153,-0.193555,0.035754,0.228276,-0.324295,0.126088,0.399595,-0.122376,0.156097,0.000364,0.212136,0.001000,0.263525,0.178501,-0.111167,0.003663,0.037098,-0.103236,0.432089,0.155901,-0.220304,-0.146258,-0.148873,0.395275,0.062620,0.293427,0.210213,0.228128,-0.062193,0.123634,0.272212,0.064700,0.188324,0.205705,-0.069727,0.058304,0.121540,-0.263353,-0.085531,0.292160,0.068962,0.142260,0.249033,-0.024852,0.012172,-0.106634,0.280725,0.164240,0.241172,0.132943,0.404741,0.188947,0.236956,-0.208551,-0.224926,0.188346,0.124005,0.377884,-0.006565,0.039848,0.173727,0.286026,0.125693,0.199924,0.174827,0.231998,0.489213,0.071643,0.211187,0.219997,0.122228,0.233557,0.520404,0.004799,0.190502,-0.015150,-0.070057,-0.073997,0.118776,0.130250,-0.010289,0.222826,0.255972
-0.091772,0.115784,0.358670,0.160944,-0.203845,-0.051841,0.342755,-0.003728,-0.046912,-0.040631,0.121386,0.445906,0.343459,0.159769,0.136082,0.466277,-0.280659,-0.114685,-0.159859,0.055648,0.215439,-0.295295,0.113643,0.402445,-0.156269,0.183659,0.065512,0.237221,-0.015576,0.258154,0.236962,-0.072079,0.029934,0.078910,-0.069861,0.433064,0.136147,-0.166936,-0.087353,-0.126686,0.388231,0.080216,0.265385,0.255634,0.262984,-0.017156,0.191458,0.258332,0.107936,0.200007,0.213170,-0.005333,0.079681,0.131156,-0.244054,-0.059699,0.313397,0.089815,0.142994,0.236865,0.043560,0.038033,-0.118069,0.310583,0.152858,0.239015,0.138198,0.420801,0.172549,0.221932,-0.199684,-0.194204,0.241071,0.181627,0.344005,0.026594,0.020764,0.199896,0.268153,0.117522,0.158715,0.142013,0.292966,0.470647,0.074138,0.253204,0.256461,0.130127,0.199778,0.499577,0.028903,0.233497,0.016516,-0.025027,-0.020095,0.104042,0.120652,0.016874,0.187423,0.230465
-0.040001,0.129145,0.388072,0.197524,-0.172168,-0.030437,0.370449,0.009853,-0.001848,-0.071786,0.124170,0.433870,0.362979,0.160996,0.119151,0.477917,-0.246601,-0.076346,-0.134463,0.073589,0.207313,-0.270922,0.104583,0.409769,-0.174269,0.205846,0.121454,0.259490,-0.022978,0.258848,0.286464,-0.040559,0.052388,0.114255,-0.041675,0.433531,0.123817,-0.121448,-0.040754,-0.108794,0.389467,0.095573,0.245964,0.290459,0.292814,0.022311,0.244802,0.247764,0.146855,0.212198,0.221756,0.046038,0.100633,0.142177,-0.231477,-0.029100,0.330414,0.109503,0.147951,0.230219,0.100624,0.055891,-0.119448,0.333992,0.148510,0.242664,0.144768,0.433454,0.161439,0.212892,-0.192517,-0.166294,0.283079,0.229636,0.318502,0.052541,0.004701,0.219483,0.258693,0.118930,0.126046,0.115450,0.341348,0.457496,0.075163,0.292164,0.284795,0.145240,0.178411,0.487551,0.052057,0.270038,0.034591,0.016301,0.024566,0.096386,0.115733,0.043625,0.156206,0.208913
-0.000862,0.143115,0.410293,0.224429,-0.145285,-0.008049,0.394449,0.018793,0.035802,-0.093114,0.125559,0.427384,0.380100,0.163502,0.107898,0.488850,-0.219486,-0.043864,-0.114732,0.086840,0.202418,-0.248124,0.103083,0.417819,-0.193347,0.223629,0.172859,0.277093,-0.023923,0.256894,0.326761,-0.016981,0.075264,0.144348,-0.016786,0.434558,0.115335,-0.082180,-0.002040,-0.091903,0.394947,0.111019,0.231468,0.317979,0.319000,0.052361,0.283909,0.243919,0.180625,0.223940,0.230463,0.083016,0.114579,0.148988,-0.222323,-0.003034,0.347476,0.128132,0.149993,0.228177,0.145472,0.075212,-0.119989,0.353139,0.146312,0.246672,0.149677,0.444688,0.156909,0.207812,-0.185019,-0.137370,0.316164,0.273171,0.300871,0.072678,-0.007008,0.234299,0.251992,0.125919,0.097087,0.095624,0.381188,0.449002,0.077939,0.318839,0.306333,0.158852,0.163161,0.477189,0.069289,0.301439,0.049008,0.046619,0.062327,0.090678,0.114010,0.065154,0.138724,0.188439
0.035505,0.155831,0.428091,0.249309,-0.124280,0.010623,0.415828,0.031472,0.066235,-0.110436,0.126302,0.420823,0.396162,0.167120,0.103791,0.499267,-0.193575,-0.016797,-0.099070,0.100414,0.198724,-0.229846,0.102558,0.423968,-0.207227,0.239967,0.220612,0.293936,-0.020275,0.256557,0.360898,0.004590,0.096098,0.172027,0.002938,0.437227,0.109819,-0.055537,0.033088,-0.078128,0.399479,0.122551,0.221485,0.336233,0.341949,0.077520,0.315967,0.241290,0.209202,0.228882,0.238386,0.112984,0.126928,0.156651,-0.211143,0.016042,0.360360,0.142650,0.155145,0.232464,0.184411,0.086399,-0.120488,0.369898,0.144643,0.249308,0.157022,0.454984,0.155308,0.205756,-0.177661,-0.111573,0.344632,0.312210,0.288312,0.089239,-0.015868,0.248309,0.249815,0.136161,0.076826,0.077638,0.412104,0.444611,0.076562,0.343070,0.324254,0.167667,0.153912,0.472890,0.086770,0.329054,0.062857,0.071990,0.092373,0.093197,0.112781,0.082806,0.126286,0.171454
0.064930,0.170013,0.441390,0.268992,-0.107889,0.026571,0.433775,0.042404,0.093089,-0.119891,0.126515,0.419305,0.408380,0.168433,0.098384,0.508643,-0.172170,0.004289,-0.087260,0.112407,0.197823,-0.213195,0.106334,0.426833,-0.215523,0.253001,0.259737,0.309330,-0.016625,0.257999,0.391008,0.019731,0.115147,0.191557,0.020096,0.441873,0.104706,-0.030991,0.064299,-0.070158,0.403221,0.133269,0.215284,0.352825,0.363360,0.098458,0.341066,0.240691,0.234137,0.233086,0.249624,0.136471,0.137230,0.165131,-0.201329,0.039565,0.371572,0.157811,0.167710,0.235341,0.216357,0.095036,-0.119716,0.384452,0.145770,0.252164,0.164717,0.466499,0.153581,0.206684,-0.171522,-0.087825,0.368642,0.342237,0.278728,0.101692,-0.022347,0.259941,0.251635,0.147918,0.062075,0.068076,0.438943,0.442394,0.078066,0.355663,0.338478,0.176926,0.148735,0.468869,0.100583,0.350957,0.075567,0.096727,0.117663,0.097409,0.113270,0.095300,0.112612,0.157791
0.087618,0.180324,0.451436,0.282268,-0.095544,0.048394,0.453776,0.053178,0.113943,-0.122431,0.127422,0.416612,0.420688,0.171968,0.098613,0.519306,-0.156599,0.025203,-0.076522,0.121751,0.199176,-0.197855,0.109295,0.429661,-0.217580,0.265344,0.295963,0.323841,-0.010055,0.256552,0.415588,0.031629,0.133827,0.206681,0.034150,0.445035,0.105240,-0.010495,0.088073,-0.063055,0.407014,0.142588,0.210813,0.368548,0.381558,0.116065,0.361531,0.240506,0.254686,0.236633,0.258710,0.155408,0.145822,0.171109,-0.192745,0.054574,0.383923,0.173681,0.180186,0.242121,0.242460,0.102598,-0.116050,0.399052,0.147467,0.255449,0.168391,0.473844,0.157338,0.209675,-0.164402,-0.066490,0.388016,0.371446,0.272035,0.112297,-0.029106,0.267451,0.251931,0.160354,0.050914,0.062459,0.460854,0.441261,0.077698,0.366864,0.352852,0.186300,0.149634,0.467338,0.112537,0.370455,0.082375,0.113123,0.139908,0.100268,0.117390,0.105386,0.106827,0.146762
0.107018,0.191224,0.459284,0.292678,-0.084426,0.065220,0.471101,0.063918,0.132912,-0.127091,0.129636,0.416732,0.430553,0.173176,0.099384,0.527017,-0.143340,0.043057,-0.066985,0.132687,0.199463,-0.184203,0.111185,0.433085,-0.222886,0.274374,0.328025,0.334239,-0.005371,0.261183,0.437823,0.038334,0.149583,0.219192,0.046208,0.448696,0.106640,0.005570,0.105995,-0.056575,0.413790,0.150372,0.209370,0.381594,0.394915,0.134354,0.379975,0.243212,0.270947,0.240071,0.266194,0.170727,0.152873,0.177643,-0.181691,0.071803,0.391686,0.186584,0.187198,0.247978,0.261073,0.111052,-0.113651,0.408668,0.148225,0.258271,0.172730,0.483005,0.156017,0.213776,-0.157570,-0.046977,0.402026,0.396623,0.267905,0.122781,-0.031772,0.273954,0.253770,0.172514,0.042238,0.057035,0.478862,0.441346,0.080885,0.381638,0.362960,0.197447,0.149297,0.469379,0.122871,0.387063,0.088253,0.127028,0.157636,0.101398,0.121090,0.115254,0.106303,0.139160
0.124723,0.200955,0.465754,0.301736,-0.076622,0.081453,0.484679,0.076936,0.147256,-0.132878,0.131170,0.417752,0.438632,0.176560,0.097341,0.532930,-0.133389,0.055846,-0.061960,0.141554,0.202828,-0.169027,0.116468,0.437753,-0.223978,0.283826,0.357432,0.345480,0.004694,0.264423,0.456107,0.044514,0.165947,0.230412,0.056860,0.452664,0.106631,0.022014,0.120771,-0.050955,0.415164,0.159727,0.208189,0.389038,0.408704,0.149637,0.396844,0.248138,0.285113,0.243445,0.274111,0.187928,0.155670,0.184480,-0.177935,0.086945,0.397235,0.199978,0.198645,0.254679,0.277674,0.115840,-0.111607,0.417561,0.152752,0.261034,0.179990,0.490834,0.161696,0.220212,-0.151332,-0.030820,0.415014,0.418210,0.266352,0.129635,-0.033242,0.280391,0.255725,0.184219,0.035257,0.055869,0.490536,0.441960,0.081461,0.393595,0.373619,0.210067,0.150680,0.470427,0.131761,0.402566,0.097217,0.137812,0.176271,0.103216,0.123642,0.123461,0.105075,0.132150
0.142055,0.208583,0.470336,0.309195,-0.069028,0.092887,0.496408,0.084260,0.161240,-0.136690,0.129943,0.419439,0.444743,0.179640,0.097462,0.539154,-0.124668,0.066568,-0.056300,0.148232,0.204040,-0.156388,0.123615,0.444093,-0.223919,0.288476,0.383482,0.356163,0.012731,0.266856,0.471675,0.053253,0.177756,0.238585,0.065957,0.457637,0.109196,0.036660,0.138491,-0.044647,0.422584,0.166163,0.209721,0.397628,0.418376,0.159443,0.410567,0.252965,0.299492,0.249207,0.280438,0.199792,0.161949,0.189139,-0.171888,0.100727,0.404842,0.212237,0.208259,0.259742,0.290953,0.119836,-0.105542,0.422961,0.151294,0.263815,0.185181,0.497583,0.164803,0.225851,-0.149743,-0.013117,0.421461,0.434518,0.265463,0.135913,-0.035851,0.284981,0.260457,0.194970,0.030769,0.052818,0.503826,0.444135,0.082518,0.399463,0.380739,0.217350,0.157355,0.473719,0.139340,0.412664,0.103995,0.151983,0.189754,0.108795,0.128574,0.130571,0.106859,0.126586
0.155358,0.217947,0.472376,0.313282,-0.062614,0.106517,0.508349,0.094869,0.171453,-0.138863,0.134378,0.422982,0.451176,0.178701,0.098617,0.546293,-0.119413,0.074577,-0.050288,0.152501,0.203645,-0.144269,0.129923,0.446912,-0.222189,0.294695,0.406314,0.363455,0.020500,0.269267,0.487303,0.060275,0.190120,0.245920,0.073837,0.463461,0.111942,0.045226,0.151852,-0.036796,0.427850,0.172441,0.210529,0.404760,0.423625,0.168086,0.421820,0.255292,0.310887,0.250846,0.288604,0.206413,0.167221,0.191163,-0.168488,0.112984,0.411646,0.221123,0.214587,0.264562,0.304736,0.122707,-0.104039,0.430280,0.156531,0.266196,0.188573,0.500125,0.170440,0.232708,-0.144398,0.002009,0.431483,0.450686,0.265549,0.141431,-0.037214,0.286926,0.263503,0.204952,0.028270,0.053760,0.511281,0.445709,0.086970,0.403335,0.388363,0.228453,0.161678,0.474917,0.146173,0.423751,0.108961,0.159902,0.200218,0.113802,0.131844,0.137655,0.107520,0.122354
0.165621,0.224589,0.476277,0.316929,-0.056889,0.118649,0.514274,0.103227,0.180698,-0.137011,0.136529,0.426538,0.456506,0.178421,0.103815,0.550614,-0.112087,0.083534,-0.044659,0.157721,0.205495,-0.136818,0.132699,0.449722,-0.221351,0.300059,0.426734,0.371669,0.026442,0.271801,0.500531,0.067207,0.203698,0.253061,0.080673,0.468023,0.111745,0.054035,0.164791,-0.032927,0.434244,0.175372,0.212025,0.409485,0.433455,0.175932,0.427910,0.258197,0.319703,0.250606,0.293429,0.213400,0.174020,0.195300,-0.165013,0.126688,0.417918,0.231410,0.225568,0.269956,0.315421,0.128785,-0.100858,0.436940,0.157720,0.268748,0.191698,0.502799,0.175046,0.240356,-0.139516,0.015625,0.440256,0.463660,0.265537,0.150576,-0.037893,0.291086,0.269358,0.213856,0.023312,0.054470,0.517585,0.448153,0.091200,0.410802,0.396922,0.236712,0.165190,0.478994,0.151880,0.431065,0.111119,0.171478,0.210239,0.118113,0.134230,0.142552,0.104330,0.118839
0.174943,0.231903,0.479585,0.321399,-0.051914,0.131067,0.523970,0.108239,0.190099,-0.136766,0.135669,0.429077,0.461536,0.182276,0.104644,0.554384,-0.106065,0.092563,-0.041790,0.161258,0.208354,-0.125536,0.140557,0.456444,-0.219498,0.302230,0.444523,0.379160,0.033857,0.274084,0.510735,0.069794,0.215989,0.259104,0.089361,0.468773,0.111415,0.063238,0.170611,-0.028869,0.441485,0.180497,0.214046,0.413092,0.440293,0.182260,0.433203,0.259188,0.329520,0.252587,0.297973,0.222569,0.173608,0.197804,-0.160354,0.136536,0.420974,0.236371,0.235439,0.273723,0.324338,0.131711,-0.099288,0.443186,0.157172,0.274119,0.195941,0.505724,0.175025,0.245824,-0.134329,0.026774,0.443462,0.475850,0.267189,0.154043,-0.038278,0.297471,0.272123,0.221815,0.023970,0.054659,0.524885,0.450611,0.094764,0.412411,0.402330,0.241948,0.172452,0.479968,0.159227,0.437691,0.119954,0.178916,0.219511,0.122090,0.138865,0.148786,0.107010,0.118160
0.187524,0.236971,0.483845,0.325283,-0.047202,0.143311,0.532213,0.112951,0.196355,-0.134752,0.141680,0.429883,0.464644,0.184154,0.106323,0.556792,-0.100741,0.098183,-0.034446,0.167107,0.212226,-0.118580,0.145513,0.459865,-0.217394,0.306788,0.459366,0.386380,0.042786,0.277537,0.518583,0.070459,0.224135,0.263236,0.093624,0.473136,0.112406,0.071793,0.176584,-0.023563,0.445840,0.185335,0.216252,0.418057,0.445689,0.187316,0.439465,0.259179,0.335948,0.254397,0.302064,0.229914,0.173801,0.199953,-0.155642,0.144368,0.426320,0.245199,0.243346,0.277162,0.330013,0.138606,-0.094419,0.448206,0.160700,0.278608,0.197645,0.508101,0.180670,0.251870,-0.127791,0.034993,0.448482,0.486154,0.270049,0.157219,-0.035341,0.298466,0.276294,0.229080,0.026658,0.059412,0.528818,0.453145,0.100394,0.415081,0.404846,0.246959,0.175179,0.482083,0.163372,0.443573,0.127132,0.180694,0.227139,0.125653,0.140054,0.154319,0.109469,0.116573
0.194360,0.241509,0.486162,0.329385,-0.043361,0.153707,0.535874,0.117468,0.201918,-0.131920,0.143556,0.430796,0.468515,0.186064,0.108305,0.560010,-0.096171,0.102007,-0.031183,0.173053,0.212112,-0.112514,0.152441,0.461719,-0.210658,0.312661,0.473145,0.392837,0.048875,0.278131,0.527844,0.074321,0.230666,0.267874,0.097919,0.474956,0.113300,0.078179,0.184292,-0.018351,0.444781,0.191976,0.218745,0.421409,0.450661,0.191527,0.444588,0.261451,0.343734,0.256381,0.306428,0.231435,0.177363,0.201556,-0.150872,0.154379,0.432942,0.250668,0.251185,0.277451,0.336698,0.140152,-0.090947,0.450079,0.162854,0.279250,0.200760,0.510446,0.179691,0.256697,-0.125117,0.041802,0.452825,0.495207,0.272861,0.158818,-0.035118,0.301482,0.278817,0.235405,0.026108,0.060482,0.535701,0.455039,0.102979,0.420193,0.408059,0.252780,0.180270,0.484342,0.166971,0.452116,0.133124,0.183803,0.232693,0.125900,0.144613,0.157586,0.114118,0.115266
0.201432,0.246942,0.488268,0.332825,-0.039061,0.162003,0.540736,0.121499,0.206728,-0.131072,0.142015,0.435188,0.473149,0.185469,0.109772,0.562925,-0.094281,0.105545,-0.029765,0.175730,0.217643,-0.107067,0.156045,0.466982,-0.211640,0.317397,0.483375,0.396384,0.056628,0.281295,0.536013,0.077614,0.237571,0.270234,0.101776,0.477645,0.118269,0.081096,0.191000,-0.018002,0.450040,0.195148,0.220217,0.424513,0.456780,0.195198,0.450226,0.265368,0.350284,0.257852,0.309297,0.237742,0.177350,0.203564,-0.144695,0.160553,0.435568,0.258087,0.253793,0.282087,0.342240,0.142101,-0.088752,0.453731,0.165372,0.280172,0.202971,0.513060,0.183186,0.262135,-0.119764,0.050879,0.458179,0.500546,0.274827,0.161192,-0.032507,0.302395,0.280725,0.240928,0.028729,0.057090,0.540660,0.457290,0.106926,0.420961,0.412948,0.260717,0.187421,0.486664,0.170224,0.457700,0.135041,0.190734,0.237521,0.129554,0.147349,0.162330,0.116066,0.116250
0.206742,0.250149,0.490501,0.335053,-0.037528,0.170134,0.546198,0.129509,0.212024,-0.130015,0.147893,0.435534,0.476173,0.188109,0.111488,0.566209,-0.089006,0.110971,-0.027506,0.178622,0.218634,-0.103292,0.159628,0.473227,-0.210028,0.322677,0.492315,0.401298,0.059739,0.283451,0.542371,0.079357,0.243789,0.270089,0.105936,0.480146,0.120729,0.086863,0.193772,-0.015559,0.453937,0.199102,0.223021,0.428368,0.460023,0.199311,0.451578,0.268985,0.353883,0.259688,0.315468,0.240776,0.177737,0.206613,-0.142303,0.167043,0.438259,0.260455,0.260982,0.282054,0.347912,0.143645,-0.087444,0.456713,0.165821,0.280583,0.204653,0.518322,0.182718,0.268354,-0.119163,0.058775,0.459449,0.507834,0.278534,0.162781,-0.029795,0.307244,0.284536,0.245743,0.030607,0.059443,0.541949,0.458977,0.108719,0.425514,0.415800,0.268369,0.193857,0.490610,0.175111,0.460578,0.133474,0.191182,0.242717,0.125961,0.150290,0.165922,0.116927,0.115858
0.210368,0.254517,0.489606,0.338402,-0.034009,0.178390,0.548071,0.134649,0.216137,-0.127607,0.149689,0.439838,0.479681,0.187843,0.112265,0.567311,-0.085328,0.117294,-0.025291,0.183225,0.221775,-0.100146,0.165850,0.473677,-0.205786,0.324044,0.498156,0.404122,0.064643,0.285847,0.548555,0.081051,0.249311,0.270330,0.109715,0.484465,0.124656,0.091289,0.199210,-0.011051,0.457387,0.200598,0.226932,0.429992,0.462451,0.202970,0.453139,0.270265,0.359139,0.261331,0.317032,0.240737,0.184143,0.210291,-0.140209,0.174805,0.443374,0.264847,0.265097,0.285157,0.349005,0.145481,-0.085291,0.459342,0.170908,0.281218,0.206262,0.522679,0.182669,0.274564,-0.118183,0.066076,0.464284,0.513966,0.281427,0.165841,-0.027777,0.309105,0.288910,0.250087,0.031832,0.061155,0.544472,0.461397,0.107167,0.431996,0.416808,0.274869,0.197243,0.493788,0.178122,0.463479,0.134975,0.191917,0.247248,0.130429,0.152294,0.169638,0.119629,0.115773
0.213711,0.256757,0.492760,0.341039,-0.032009,0.186504,0.551352,0.136628,0.220474,-0.127213,0.154340,0.441145,0.482521,0.187900,0.114349,0.569502,-0.078934,0.122641,-0.021999,0.184539,0.223268,-0.097568,0.166177,0.475889,-0.199724,0.323349,0.505997,0.408442,0.071033,0.288285,0.551741,0.082744,0.254660,0.273230,0.115071,0.485251,0.128100,0.095928,0.203983,-0.010398,0.458775,0.201335,0.230619,0.432293,0.465071,0.204816,0.456601,0.271202,0.363675,0.262776,0.317825,0.242628,0.183088,0.210926,-0.133835,0.178864,0.443504,0.269706,0.266586,0.285025,0.354018,0.148615,-0.081678,0.462158,0.175173,0.281905,0.208585,0.526014,0.188969,0.279644,-0.115414,0.072731,0.466808,0.519133,0.284200,0.169552,-0.025449,0.310758,0.289727,0.253918,0.035298,0.060870,0.548522,0.463137,0.110019,0.435535,0.418755,0.277882,0.198921,0.496749,0.180697,0.467977,0.140813,0.194491,0.252341,0.134316,0.154951,0.171176,0.120592,0.118245
0.217842,0.258826,0.495205,0.343521,-0.030068,0.192481,0.552837,0.139300,0.225670,-0.123358,0.155639,0.442553,0.484945,0.191899,0.115490,0.573531,-0.077674,0.125634,-0.019220,0.186917,0.226856,-0.093611,0.171965,0.473636,-0.194638,0.323205,0.510248,0.412667,0.071615,0.287104,0.554937,0.084174,0.259223,0.278375,0.116821,0.487550,0.127520,0.097724,0.206296,-0.009500,0.461896,0.202309,0.232771,0.437456,0.469299,0.208240,0.457705,0.276143,0.367696,0.266965,0.319782,0.245682,0.186041,0.210784,-0.132579,0.179620,0.444169,0.273101,0.271792,0.289303,0.354902,0.149317,-0.079348,0.465061,0.175496,0.282804,0.209996,0.528602,0.194141,0.284545,-0.113445,0.076570,0.471582,0.523727,0.287206,0.170886,-0.026194,0.314959,0.292581,0.257390,0.036579,0.062937,0.551860,0.464657,0.114434,0.435823,0.421324,0.283643,0.200025,0.498191,0.183988,0.473284,0.141875,0.196183,0.255663,0.135594,0.157146,0.172685,0.122982,0.117988
0.220001,0.259719,0.496102,0.345380,-0.027580,0.199414,0.555187,0.142619,0.228751,-0.123139,0.156502,0.445066,0.485981,0.194011,0.118236,0.576815,-0.072661,0.127096,-0.017418,0.189391,0.229674,-0.091381,0.175200,0.474975,-0.194584,0.326662,0.516816,0.414511,0.075548,0.288698,0.559002,0.083776,0.262430,0.280751,0.121423,0.489717,0.130931,0.101277,0.210558,-0.008331,0.464784,0.203418,0.234763,0.441704,0.472479,0.210534,0.459255,0.279067,0.369293,0.266987,0.322206,0.248183,0.188615,0.211821,-0.131279,0.184577,0.449162,0.277253,0.276573,0.291577,0.358081,0.150090,-0.078858,0.469893,0.175978,0.283679,0.213848,0.527708,0.194987,0.290676,-0.110761,0.080042,0.471162,0.527796,0.288309,0.172732,-0.026330,0.317743,0.297692,0.260703,0.039783,0.064867,0.553784,0.466979,0.112201,0.440664,0.422151,0.283935,0.201408,0.501134,0.184851,0.474247,0.143624,0.201943,0.258761,0.131999,0.156757,0.174166,0.123952,0.118112
0.222764,0.262496,0.494709,0.348819,-0.025963,0.205034,0.559748,0.146644,0.231133,-0.121871,0.157377,0.445835,0.487041,0.195749,0.119100,0.579318,-0.074497,0.127479,-0.014525,0.190694,0.228900,-0.087996,0.179935,0.478190,-0.193709,0.328317,0.523765,0.416305,0.078641,0.288801,0.563284,0.088428,0.266731,0.283495,0.124197,0.493398,0.130909,0.104468,0.215176,-0.004718,0.467311,0.208486,0.237938,0.445198,0.473728,0.212312,0.462878,0.280974,0.372642,0.267652,0.326320,0.247545,0.190591,0.211950,-0.130439,0.190705,0.450438,0.280911,0.279296,0.293721,0.358024,0.151720,-0.078852,0.474165,0.177228,0.285658,0.216422,0.526858,0.199649,0.295701,-0.106767,0.084475,0.475522,0.531352,0.290417,0.179047,-0.026117,0.318640,0.297148,0.263618,0.041087,0.064735,0.557022,0.468998,0.114454,0.442876,0.423525,0.286232,0.207188,0.501530,0.186583,0.475206,0.143840,0.207604,0.261051,0.132986,0.158640,0.176973,0.127001,0.118339
0.225850,0.264182,0.494068,0.349693,-0.024634,0.206643,0.561874,0.148839,0.232597,-0.121248,0.158213,0.448744,0.488209,0.197152,0.124751,0.581366,-0.069532,0.129334,-0.013458,0.191899,0.228556,-0.086438,0.180439,0.483282,-0.193365,0.329873,0.528074,0.420503,0.081519,0.291668,0.565124,0.089215,0.269228,0.285845,0.124756,0.493631,0.130453,0.104008,0.218468,-0.003563,0.468824,0.213050,0.240741,0.447077,0.475225,0.214743,0.465800,0.280560,0.375599,0.268590,0.329789,0.252184,0.192120,0.210230,-0.126846,0.194431,0.451676,0.285402,0.283091,0.296662,0.358184,0.154533,-0.077472,0.475405,0.178403,0.287471,0.217486,0.530230,0.203603,0.299694,-0.103888,0.085533,0.478129,0.531330,0.290705,0.184139,-0.025695,0.321742,0.299023,0.266138,0.042007,0.070521,0.558892,0.471070,0.116592,0.444722,0.425195,0.288397,0.207924,0.504068,0.187051,0.478419,0.141818,0.210880,0.263574,0.131171,0.161499,0.179975,0.127757,0.118659
0.226248,0.262988,0.496317,0.350448,-0.023123,0.212445,0.563557,0.153294,0.236505,-0.119685,0.159026,0.451289,0.487776,0.197874,0.125608,0.583022,-0.067876,0.130832,-0.010877,0.194090,0.228852,-0.080949,0.181156,0.486748,-0.193347,0.329026,0.531933,0.423742,0.081288,0.293142,0.566244,0.088220,0.275972,0.287180,0.126386,0.494151,0.131955,0.107105,0.218336,-0.002551,0.470979,0.216360,0.241960,0.447850,0.473324,0.217226,0.466365,0.279121,0.377886,0.267734,0.329957,0.255733,0.190051,0.212879,-0.124125,0.199316,0.455407,0.286843,0.287012,0.295385,0.361161,0.155522,-0.074441,0.476527,0.182141,0.291538,0.218302,0.532961,0.205019,0.302866,-0.107712,0.090371,0.479059,0.534783,0.293535,0.184752,-0.023110,0.321543,0.303251,0.268240,0.042742,0.072554,0.560575,0.472884,0.118339,0.442745,0.427289,0.289258,0.209489,0.506477,0.187914,0.479261,0.142925,0.212688,0.268562,0.135107,0.163857,0.184207,0.128497,0.118870
0.228659,0.266590,0.498129,0.353819,-0.021538,0.213609,0.563686,0.156080,0.237510,-0.116323,0.156175,0.452116,0.489349,0.196294,0.126501,0.584312,-0.067789,0.134448,-0.009172,0.196554,0.232201,-0.079765,0.182985,0.483827,-0.195912,0.333772,0.535376,0.426484,0.086350,0.294521,0.569891,0.090558,0.277250,0.290198,0.128847,0.498471,0.135212,0.109758,0.221206,-0.001983,0.472591,0.215917,0.245632,0.447545,0.475378,0.219298,0.468114,0.279980,0.378318,0.268822,0.331158,0.253649,0.194540,0.215367,-0.121818,0.197753,0.455838,0.290576,0.289732,0.294147,0.361877,0.155947,-0.073168,0.480046,0.179885,0.292358,0.218892,0.532097,0.204641,0.308548,-0.106458,0.091325,0.476563,0.537683,0.294310,0.182915,-0.020881,0.321619,0.302677,0.270346,0.042646,0.073454,0.561912,0.473326,0.119876,0.443970,0.431520,0.293170,0.214373,0.506779,0.188361,0.481969,0.141678,0.215033,0.270024,0.137558,0.165890,0.185687,0.132741,0.119606
0.231045,0.267326,0.499475,0.354009,-0.020191,0.218504,0.564877,0.157295,0.240833,-0.113395,0.154385,0.454448,0.490674,0.197786,0.131863,0.585504,-0.066437,0.135981,-0.007701,0.196886,0.230331,-0.078866,0.184914,0.486017,-0.194421,0.337612,0.540150,0.427218,0.085682,0.295746,0.570317,0.094267,0.282950,0.291493,0.126530,0.498440,0.134785,0.111819,0.223677,-0.000840,0.474248,0.217389,0.248801,0.447805,0.477020,0.221170,0.469529,0.282673,0.380598,0.267954,0.335039,0.257023,0.195373,0.216848,-0.123363,0.199814,0.456362,0.293872,0.292238,0.296416,0.361858,0.156752,-0.072711,0.479982,0.180923,0.293224,0.221664,0.531044,0.208451,0.311483,-0.102786,0.095284,0.480603,0.540575,0.296834,0.181825,-0.021337,0.324527,0.306583,0.272073,0.042004,0.074314,0.563536,0.473934,0.121344,0.443437,0.431554,0.294564,0.218444,0.510380,0.189214,0.484266,0.141021,0.212734,0.271365,0.141600,0.166343,0.187525,0.134456,0.121655
0.232479,0.267827,0.501781,0.352666,-0.019089,0.221584,0.568276,0.158492,0.242257,-0.113565,0.156743,0.455146,0.490196,0.200430,0.131749,0.584582,-0.066093,0.137059,-0.006424,0.196841,0.234532,-0.074229,0.187357,0.486469,-0.192989,0.339716,0.543275,0.429680,0.086429,0.296770,0.570856,0.095306,0.287882,0.292125,0.127065,0.502333,0.135688,0.111884,0.228100,-0.000950,0.475500,0.219543,0.251674,0.450832,0.480812,0.221151,0.469553,0.282787,0.382625,0.267565,0.335230,0.259631,0.198769,0.217413,-0.122235,0.198687,0.456892,0.292369,0.295010,0.298131,0.362917,0.157484,-0.071091,0.483135,0.181917,0.294113,0.223379,0.531086,0.206343,0.316538,-0.100085,0.097322,0.478034,0.539669,0.296705,0.181118,-0.021382,0.322261,0.304949,0.273818,0.044657,0.071198,0.563632,0.474052,0.124798,0.441499,0.431783,0.294988,0.222109,0.510238,0.189906,0.484246,0.143950,0.215390,0.273471,0.141348,0.166930,0.190734,0.131822,0.122109
0.233433,0.268621,0.503940,0.355760,-0.018221,0.221935,0.569445,0.159178,0.242328,-0.110479,0.158626,0.456962,0.492509,0.201156,0.132289,0.584598,-0.061972,0.138104,-0.007043,0.197885,0.235993,-0.070614,0.189417,0.486978,-0.191758,0.337274,0.547208,0.431472,0.091033,0.295216,0.573734,0.095903,0.291947,0.292689,0.127630,0.501793,0.136656,0.109372,0.227503,-0.000925,0.477233,0.219221,0.250910,0.452306,0.483026,0.222908,0.472383,0.284523,0.382584,0.268836,0.335544,0.259663,0.195501,0.215024,-0.119802,0.203507,0.457409,0.293122,0.295431,0.296799,0.365704,0.158743,-0.069816,0.482788,0.182998,0.294967,0.223462,0.530900,0.207936,0.320991,-0.099564,0.099215,0.482002,0.542340,0.297580,0.183425,-0.021262,0.322611,0.308638,0.275327,0.044661,0.068882,0.565357,0.476040,0.126809,0.445865,0.434232,0.295581,0.224972,0.510668,0.190582,0.488279,0.145195,0.213946,0.273591,0.141624,0.167510,0.191833,0.134046,0.124897
0.235265,0.270822,0.504092,0.358149,-0.017594,0.225777,0.570191,0.159994,0.242533,-0.111146,0.161613,0.459854,0.493295,0.201746,0.132115,0.586167,-0.062481,0.141602,-0.006447,0.196844,0.236025,-0.070913,0.190060,0.490923,-0.188442,0.335693,0.549580,0.433391,0.089855,0.291107,0.575927,0.093542,0.292022,0.293826,0.129096,0.502075,0.136411,0.112283,0.231520,-0.000172,0.478450,0.220605,0.250481,0.451631,0.485676,0.226814,0.473928,0.284909,0.382972,0.270510,0.336108,0.261800,0.196925,0.217543,-0.120043,0.205041,0.457802,0.294019,0.297951,0.298891,0.366087,0.159304,-0.070846,0.482624,0.181173,0.294461,0.223652,0.530339,0.211644,0.321531,-0.099597,0.098720,0.480835,0.544641,0.299920,0.185130,-0.021260,0.325796,0.307446,0.276480,0.045425,0.072146,0.563482,0.477666,0.129284,0.445387,0.434449,0.295664,0.228011,0.512125,0.188117,0.489678,0.146752,0.216475,0.274376,0.143550,0.169321,0.192780,0.136345,0.126063
0.236626,0.271211,0.504906,0.358823,-0.016581,0.230385,0.571929,0.160574,0.243757,-0.109487,0.163872,0.459246,0.493809,0.199845,0.131254,0.584297,-0.061867,0.141704,-0.004925,0.198317,0.236300,-0.069799,0.193423,0.491129,-0.188225,0.339551,0.552690,0.433221,0.091818,0.294938,0.576862,0.094139,0.292428,0.294732,0.132919,0.505127,0.135633,0.110094,0.230552,0.003638,0.479455,0.223392,0.250981,0.451225,0.486877,0.225964,0.473361,0.286386,0.383389,0.269878,0.334798,0.260536,0.197387,0.219544,-0.117954,0.209080,0.459061,0.292850,0.300081,0.297553,0.368302,0.158834,-0.071458,0.484972,0.182378,0.294167,0.223961,0.531066,0.212654,0.324012,-0.099358,0.098959,0.484532,0.546468,0.300233,0.185132,-0.018833,0.325462,0.309120,0.277380,0.046188,0.077061,0.563910,0.476895,0.125458,0.446914,0.433683,0.297328,0.227101,0.514085,0.191596,0.490868,0.148649,0.218378,0.275464,0.146536,0.168500,0.193796,0.139766,0.125918
0.235902,0.271154,0.505136,0.355686,-0.016040,0.232125,0.570943,0.161180,0.245136,-0.106793,0.164575,0.460951,0.494454,0.198691,0.131944,0.584852,-0.062263,0.144186,-0.003513,0.198925,0.238474,-0.068798,0.193555,0.492780,-0.187496,0.339030,0.551303,0.435061,0.095895,0.294860,0.577063,0.092897,0.296378,0.294905,0.130449,0.505917,0.136854,0.111159,0.232778,0.004203,0.479252,0.222368,0.252928,0.451158,0.483101,0.226235,0.475659,0.288505,0.383227,0.271148,0.333937,0.259607,0.198164,0.216838,-0.116215,0.209790,0.459031,0.294096,0.301353,0.299453,0.367483,0.159966,-0.069102,0.484229,0.183076,0.297852,0.226285,0.534635,0.215583,0.324372,-0.098694,0.100322,0.484855,0.546076,0.299912,0.184859,-0.019170,0.323203,0.312002,0.278222,0.047278,0.078549,0.565571,0.478199,0.126166,0.450140,0.433851,0.297015,0.226349,0.514309,0.189145,0.491963,0.149079,0.221201,0.276594,0.147466,0.167345,0.196210,0.139181,0.127057
0.236704,0.273160,0.505339,0.357322,-0.013608,0.234096,0.573554,0.163255,0.245012,-0.106880,0.164741,0.463430,0.494982,0.200619,0.132558,0.584129,-0.062085,0.146173,-0.002079,0.199890,0.238228,-0.065868,0.193610,0.496241,-0.182389,0.342305,0.554279,0.436657,0.095247,0.297943,0.578061,0.096734,0.296544,0.295196,0.132193,0.505907,0.136785,0.112236,0.231711,0.003545,0.480202,0.221775,0.253339,0.452640,0.480415,0.226229,0.476397,0.287975,0.383739,0.272533,0.334214,0.257315,0.198881,0.217455,-0.118285,0.207407,0.460125,0.295204,0.300950,0.301120,0.367434,0.161232,-0.071239,0.483695,0.181702,0.297672,0.227402,0.534068,0.212068,0.324718,-0.096150,0.103769,0.481926,0.547204,0.301386,0.185681,-0.019009,0.326504,0.311514,0.279042,0.048028,0.075315,0.565724,0.478772,0.129088,0.450515,0.434956,0.297735,0.227621,0.516009,0.190113,0.490858,0.153757,0.223359,0.278300,0.149496,0.169642,0.196770,0.142124,0.126352
0.236268,0.274050,0.503237,0.356585,-0.013566,0.236663,0.575327,0.166504,0.245848,-0.105723,0.166490,0.460069,0.495498,0.202163,0.132085,0.583080,-0.062114,0.144600,-0.002993,0.201111,0.240411,-0.062946,0.195033,0.496617,-0.182678,0.343667,0.555518,0.436109,0.096958,0.299078,0.578281,0.095030,0.299876,0.297292,0.132235,0.505197,0.138085,0.114401,0.230984,0.002461,0.480640,0.222442,0.255086,0.454331,0.483585,0.229788,0.474756,0.290486,0.384372,0.276406,0.337248,0.258515,0.199709,0.221749,-0.119605,0.209906,0.460215,0.298511,0.300657,0.302290,0.369466,0.166209,-0.071437,0.481528,0.183373,0.300571,0.227624,0.532813,0.215129,0.325892,-0.100484,0.103397,0.483235,0.549027,0.302754,0.186485,-0.019020,0.326279,0.309443,0.279647,0.051031,0.076741,0.567372,0.478002,0.129443,0.449043,0.435336,0.297525,0.226265,0.517650,0.191116,0.492045,0.154188,0.218563,0.279718,0.149909,0.170842,0.197158,0.142822,0.126301
0.237971,0.274842,0.506582,0.358590,-0.014290,0.235506,0.575148,0.167503,0.248230,-0.099125,0.166766,0.461404,0.496008,0.202927,0.132891,0.582574,-0.062137,0.145055,-0.001287,0.200807,0.240384,-0.059263,0.195276,0.495420,-0.186054,0.344166,0.556201,0.437606,0.096493,0.297619,0.580647,0.096387,0.299188,0.298878,0.134615,0.507728,0.140899,0.116930,0.233426,0.002959,0.482887,0.225188,0.254398,0.455247,0.484196,0.230271,0.475416,0.290022,0.384441,0.279277,0.336993,0.258280,0.200334,0.218964,-0.119257,0.210731,0.462957,0.299949,0.301966,0.300511,0.368954,0.166059,-0.072828,0.479957,0.185362,0.299763,0.230888,0.532135,0.212284,0.330008,-0.099572,0.105447,0.484397,0.550443,0.304039,0.186607,-0.016065,0.328338,0.312610,0.280214,0.052797,0.076042,0.567790,0.479743,0.129492,0.447406,0.436175,0.301750,0.226118,0.518873,0.193214,0.493142,0.157679,0.220234,0.280638,0.147492,0.169173,0.197587,0.143191,0.127707
0.239657,0.275459,0.506730,0.357323,-0.013885,0.234644,0.573771,0.166531,0.250385,-0.098547,0.163399,0.458390,0.496348,0.201314,0.132316,0.582325,-0.062060,0.147105,-0.002231,0.202774,0.238766,-0.059742,0.195890,0.499424,-0.185246,0.341355,0.557520,0.437019,0.095128,0.297198,0.582117,0.094913,0.297574,0.299055,0.134854,0.506757,0.141430,0.119051,0.234483,0.006469,0.477678,0.226148,0.256148,0.455952,0.484689,0.229106,0.474716,0.292266,0.384768,0.278376,0.336867,0.258310,0.200663,0.223104,-0.119544,0.214065,0.462519,0.301215,0.301843,0.302229,0.368300,0.167409,-0.069768,0.483438,0.183776,0.298591,0.229250,0.532712,0.215551,0.331825,-0.098927,0.104905,0.485138,0.548417,0.303436,0.188169,-0.016289,0.327789,0.310555,0.280957,0.051777,0.076683,0.567502,0.479922,0.132062,0.448760,0.436516,0.301218,0.229631,0.521031,0.194747,0.495749,0.156098,0.218111,0.280993,0.145865,0.170647,0.197560,0.144078,0.127611
0.238801,0.274927,0.506838,0.356895,-0.012530,0.236300,0.575880,0.166201,0.250312,-0.093198,0.164886,0.460472,0.495037,0.202559,0.132926,0.582770,-0.064376,0.147857,-0.000684,0.203111,0.240880,-0.058206,0.196414,0.499787,-0.182589,0.343107,0.558369,0.438251,0.095189,0.298704,0.581788,0.096335,0.301017,0.299240,0.135057,0.509181,0.140094,0.120592,0.232570,0.006008,0.478626,0.226453,0.256025,0.455011,0.485227,0.228181,0.476841,0.289672,0.386696,0.276233,0.336090,0.256598,0.197674,0.225460,-0.115175,0.211238,0.463266,0.299453,0.303248,0.301075,0.371567,0.171236,-0.069558,0.486852,0.187975,0.297790,0.228064,0.536106,0.218266,0.334262,-0.099757,0.106095,0.484034,0.546927,0.305219,0.188002,-0.016316,0.330110,0.312133,0.281803,0.050513,0.076087,0.568109,0.479759,0.133174,0.447358,0.439734,0.305245,0.228237,0.521138,0.191926,0.495972,0.159166,0.220087,0.280281,0.147408,0.172198,0.197568,0.140688,0.127578
0.239821,0.272958,0.504798,0.357246,-0.012412,0.239021,0.576892,0.165337,0.250793,-0.088818,0.165444,0.460117,0.495402,0.204793,0.137056,0.583631,-0.063635,0.149535,0.002862,0.203865,0.238062,-0.055164,0.199535,0.498583,-0.185449,0.340484,0.560459,0.439520,0.094160,0.299924,0.583333,0.097402,0.300775,0.301944,0.137170,0.511787,0.139124,0.121843,0.235041,0.008472,0.479763,0.224683,0.258297,0.453400,0.485606,0.227456,0.476992,0.287808,0.387085,0.276243,0.337159,0.260112,0.198806,0.226336,-0.116218,0.212134,0.461498,0.299997,0.304444,0.299751,0.370605,0.170334,-0.069841,0.484139,0.185835,0.297182,0.227202,0.538630,0.215189,0.335039,-0.100224,0.105068,0.481835,0.547102,0.305970,0.188422,-0.014413,0.329077,0.312270,0.282435,0.051074,0.081398,0.565887,0.480797,0.134143,0.451015,0.438838,0.307433,0.227859,0.522097,0.192807,0.496630,0.158063,0.218164,0.280346,0.150076,0.173409,0.199528,0.140475,0.129926
0.241800,0.274909,0.503456,0.356551,-0.011965,0.241721,0.575313,0.164293,0.250071,-0.092808,0.166604,0.461934,0.494439,0.205147,0.136744,0.584891,-0.062795,0.151217,0.002915,0.203068,0.237412,-0.057916,0.199862,0.500212,-0.180066,0.341936,0.560876,0.440318,0.096563,0.300869,0.582519,0.098594,0.303785,0.304002,0.138873,0.515436,0.140058,0.122751,0.233935,0.008368,0.480205,0.223467,0.260251,0.453827,0.482639,0.228860,0.478502,0.291822,0.388777,0.274651,0.336227,0.258021,0.199568,0.227115,-0.118526,0.213045,0.461805,0.300421,0.303996,0.299303,0.370360,0.170899,-0.070207,0.486717,0.186562,0.298038,0.230693,0.540629,0.213022,0.336243,-0.100678,0.107260,0.480231,0.547236,0.305711,0.188853,-0.012694,0.330681,0.311247,0.282976,0.051422,0.079975,0.564383,0.480609,0.134931,0.452580,0.440101,0.310295,0.227403,0.522876,0.194675,0.498491,0.154460,0.221601,0.281634,0.149288,0.174645,0.199650,0.143737,0.129194
0.242991,0.272971,0.507137,0.356467,-0.011287,0.242754,0.576507,0.167086,0.249581,-0.096124,0.166976,0.463514,0.496258,0.206659,0.136586,0.587157,-0.064741,0.152194,0.003605,0.202603,0.238356,-0.056217,0.199175,0.502623,-0.180228,0.343732,0.560837,0.441289,0.100441,0.301673,0.582286,0.099758,0.302690,0.303085,0.138324,0.518357,0.139480,0.118666,0.232372,0.007614,0.476190,0.222601,0.258708,0.456611,0.482969,0.229887,0.478838,0.291175,0.388950,0.278286,0.335614,0.258267,0.197008,0.223374,-0.115761,0.216503,0.460703,0.299059,0.301582,0.302399,0.371953,0.170167,-0.070362,0.484174,0.187596,0.298722,0.229738,0.541971,0.216500,0.336927,-0.097180,0.109754,0.479093,0.547164,0.307017,0.190070,-0.011615,0.327485,0.312969,0.283292,0.050360,0.084512,0.563064,0.482112,0.136246,0.452719,0.438825,0.308651,0.230642,0.521247,0.195286,0.496325,0.151820,0.224037,0.282424,0.148233,0.172448,0.201350,0.144458,0.128541
0.243934,0.275110,0.508885,0.358831,-0.009259,0.246137,0.576065,0.167085,0.249305,-0.098845,0.167655,0.464801,0.495160,0.206763,0.140222,0.586928,-0.062517,0.153519,0.003709,0.202561,0.239803,-0.058538,0.198609,0.504666,-0.180180,0.345013,0.560848,0.441952,0.099614,0.302351,0.584059,0.099978,0.301982,0.298650,0.140925,0.519438,0.138411,0.117039,0.231936,0.010118,0.473241,0.223764,0.260604,0.457197,0.480783,0.230667,0.478603,0.290678,0.389049,0.277665,0.336942,0.258388,0.198534,0.226640,-0.115911,0.216683,0.463926,0.302362,0.301771,0.303365,0.374408,0.173799,-0.071637,0.484406,0.191092,0.298690,0.228609,0.539927,0.219205,0.338858,-0.096253,0.109916,0.479504,0.546056,0.308230,0.191021,-0.013071,0.325326,0.311830,0.283466,0.049576,0.088300,0.564927,0.482488,0.135322,0.453149,0.440336,0.306615,0.229766,0.516281,0.195355,0.498329,0.150003,0.220358,0.283050,0.144475,0.171701,0.199343,0.145327,0.130081
0.244715,0.276896,0.509704,0.357992,-0.008774,0.246813,0.577293,0.166957,0.250236,-0.097628,0.168103,0.463257,0.495533,0.207215,0.138452,0.586313,-0.058467,0.153165,0.002911,0.202315,0.239681,-0.058946,0.198848,0.503885,-0.177979,0.341999,0.562574,0.443420,0.099139,0.302972,0.584191,0.099442,0.301882,0.295479,0.139872,0.520047,0.139344,0.119257,0.231713,0.009814,0.475879,0.225491,0.259691,0.456155,0.483909,0.230507,0.478470,0.292606,0.389069,0.277204,0.336348,0.258528,0.196356,0.227080,-0.115038,0.216924,0.462120,0.305176,0.303815,0.305540,0.375012,0.174620,-0.070566,0.484075,0.190588,0.299413,0.230179,0.538045,0.221440,0.338892,-0.095846,0.110000,0.479978,0.548403,0.309170,0.190605,-0.014055,0.326578,0.312223,0.283562,0.049760,0.086695,0.566472,0.482813,0.135838,0.449782,0.439290,0.309745,0.229055,0.517578,0.195685,0.496065,0.152090,0.221631,0.282562,0.146125,0.172833,0.199303,0.143961,0.131433
0.249693,0.277499,0.509264,0.358325,-0.008197,0.245006,0.577430,0.169873,0.250706,-0.099030,0.168338,0.462516,0.496284,0.207499,0.137113,0.585272,-0.059143,0.152160,0.002322,0.204923,0.237334,-0.059204,0.200525,0.502135,-0.180621,0.343144,0.564113,0.444330,0.102730,0.303428,0.583164,0.102142,0.301606,0.297080,0.139197,0.517890,0.138398,0.120827,0.234565,0.009910,0.477870,0.226331,0.259094,0.454792,0.484721,0.230829,0.478561,0.293192,0.388718,0.277531,0.339450,0.257048,0.200572,0.226860,-0.117500,0.218341,0.462433,0.307439,0.301309,0.307361,0.376749,0.172483,-0.071859,0.482367,0.190137,0.299983,0.229392,0.536728,0.223238,0.339736,-0.093386,0.112314,0.480463,0.550571,0.307476,0.188904,-0.014981,0.329605,0.312692,0.283757,0.050578,0.084366,0.567346,0.483419,0.134944,0.451118,0.438610,0.309433,0.231822,0.517141,0.196048,0.496508,0.153006,0.222663,0.283662,0.147418,0.172033,0.199727,0.144127,0.132416
0.248736,0.277295,0.508840,0.360864,-0.008372,0.246781,0.579228,0.171709,0.250082,-0.100779,0.164797,0.461963,0.496515,0.208572,0.136211,0.586403,-0.059548,0.149727,0.002926,0.205516,0.239195,-0.055776,0.202897,0.500716,-0.180357,0.342217,0.565459,0.442850,0.100564,0.304822,0.584715,0.099937,0.300454,0.294496,0.138643,0.516092,0.138295,0.122027,0.238040,0.007979,0.479073,0.227142,0.258746,0.457158,0.487125,0.230325,0.478705,0.296064,0.388615,0.275818,0.338461,0.257793,0.201112,0.227625,-0.117729,0.218288,0.463590,0.304954,0.303465,0.305322,0.378159,0.170020,-0.068817,0.483376,0.193053,0.300465,0.229016,0.535906,0.220714,0.340188,-0.093336,0.113290,0.480836,0.552304,0.307179,0.189147,-0.012863,0.329009,0.315821,0.283966,0.051494,0.084431,0.565441,0.484025,0.130627,0.449420,0.438986,0.309254,0.234223,0.518740,0.198270,0.497310,0.157364,0.219367,0.282639,0.146318,0.172437,0.198258,0.146523,0.131820
0.251929,0.278567,0.509686,0.358844,-0.008012,0.248709,0.579872,0.171092,0.250933,-0.099087,0.165720,0.464642,0.495748,0.208134,0.140108,0.586006,-0.062231,0.148988,0.001466,0.207414,0.238551,-0.054324,0.203842,0.499269,-0.182606,0.343368,0.564897,0.443783,0.098843,0.302351,0.585571,0.097602,0.303954,0.295743,0.138105,0.515486,0.141577,0.123274,0.236568,0.007095,0.475559,0.229838,0.257739,0.459002,0.488976,0.230264,0.477306,0.295736,0.389041,0.276047,0.338313,0.259356,0.201594,0.223605,-0.116146,0.218243,0.464317,0.303128,0.303269,0.306140,0.376232,0.169752,-0.070597,0.484209,0.192032,0.299503,0.230777,0.535774,0.222622,0.340003,-0.093259,0.112390,0.482863,0.550318,0.308572,0.189329,-0.011065,0.331572,0.316470,0.284043,0.052235,0.084515,0.567199,0.482813,0.131222,0.453341,0.441825,0.312116,0.233129,0.520408,0.198017,0.495337,0.156365,0.220446,0.283660,0.146635,0.171006,0.199028,0.147178,0.132470
0.254435,0.277728,0.510865,0.357485,-0.008066,0.246667,0.580328,0.169521,0.251111,-0.098107,0.166923,0.465824,0.496211,0.209176,0.140078,0.585022,-0.060820,0.148419,0.002262,0.206073,0.237685,-0.055397,0.204707,0.501654,-0.181489,0.344213,0.564675,0.444237,0.098551,0.302935,0.585605,0.097683,0.303262,0.293419,0.139668,0.516857,0.142219,0.124267,0.234628,0.005974,0.477720,0.229767,0.257683,0.457224,0.490445,0.230751,0.478393,0.295641,0.390551,0.276952,0.342017,0.260528,0.204492,0.222790,-0.115029,0.218397,0.463985,0.304522,0.301120,0.307772,0.376671,0.169513,-0.070263,0.487111,0.191865,0.300178,0.231318,0.534720,0.224196,0.341774,-0.091691,0.113911,0.485970,0.548628,0.307366,0.189435,-0.009695,0.333466,0.317088,0.284213,0.052832,0.080607,0.565561,0.482704,0.127902,0.455744,0.441074,0.313989,0.232292,0.520136,0.198771,0.496111,0.155902,0.217872,0.283861,0.143151,0.173060,0.199249,0.145887,0.133067
0.250893,0.275365,0.512636,0.356590,-0.008150,0.244929,0.578180,0.169199,0.250811,-0.096778,0.167766,0.467849,0.497162,0.208662,0.138372,0.587448,-0.060667,0.149187,0.003907,0.206275,0.238824,-0.055239,0.205402,0.503189,-0.181410,0.346669,0.564837,0.445225,0.098267,0.303372,0.585653,0.100847,0.306223,0.295625,0.136551,0.515237,0.141012,0.124146,0.236088,0.007054,0.479123,0.228256,0.256770,0.457162,0.489046,0.231710,0.480144,0.296881,0.390200,0.277670,0.340421,0.261478,0.206547,0.222287,-0.112950,0.219806,0.463767,0.305748,0.302977,0.305483,0.375968,0.168550,-0.070021,0.486908,0.192152,0.300729,0.231081,0.534140,0.219632,0.341515,-0.094073,0.113162,0.484966,0.547391,0.306421,0.188008,-0.011181,0.332794,0.315191,0.284365,0.054753,0.082122,0.566991,0.483381,0.125470,0.451943,0.442085,0.313554,0.234869,0.519616,0.198446,0.496825,0.152658,0.216817,0.286598,0.146043,0.173941,0.199685,0.148156,0.134502
0.249377,0.277182,0.513048,0.359121,-0.007285,0.248118,0.579394,0.169149,0.251029,-0.095719,0.167920,0.468461,0.496239,0.205970,0.138146,0.587230,-0.060517,0.149313,0.004103,0.205873,0.240435,-0.057354,0.203424,0.501273,-0.176439,0.346927,0.565151,0.445539,0.100002,0.304909,0.586398,0.098665,0.303934,0.295744,0.136635,0.513956,0.141616,0.122559,0.239378,0.009777,0.480749,0.229542,0.259165,0.456468,0.488806,0.232501,0.478748,0.297986,0.389961,0.278079,0.340822,0.261106,0.205764,0.222254,-0.113644,0.219539,0.463667,0.305781,0.304383,0.303829,0.375510,0.170629,-0.069721,0.489249,0.191808,0.300706,0.229868,0.534614,0.216718,0.340451,-0.093978,0.112685,0.484237,0.547218,0.307480,0.188042,-0.012502,0.334377,0.315004,0.284441,0.053404,0.082958,0.568080,0.484066,0.127144,0.450211,0.441793,0.315593,0.233713,0.522136,0.200132,0.497404,0.156682,0.219455,0.288803,0.148118,0.172189,0.200143,0.148141,0.134490
0.249662,0.279101,0.511884,0.358486,-0.006665,0.250001,0.578970,0.168039,0.251541,-0.095984,0.171238,0.464608,0.495687,0.207749,0.141425,0.589106,-0.060402,0.149510,0.004219,0.204061,0.242471,-0.057780,0.203386,0.501638,-0.176878,0.347151,0.562584,0.445556,0.101028,0.303136,0.585367,0.101763,0.303399,0.295749,0.137918,0.517434,0.144150,0.121861,0.239120,0.012098,0.482415,0.231681,0.258040,0.455378,0.490448,0.231859,0.479020,0.298272,0.390104,0.276435,0.341136,0.261873,0.205104,0.225873,-0.113214,0.222133,0.463589,0.308215,0.305508,0.302144,0.374233,0.170397,-0.068334,0.491802,0.191590,0.300087,0.228986,0.534461,0.215830,0.341196,-0.093805,0.114657,0.483623,0.549562,0.308881,0.188770,-0.013121,0.330888,0.313535,0.284527,0.052805,0.086692,0.568724,0.484973,0.130822,0.453542,0.441320,0.316888,0.232735,0.521307,0.199264,0.497879,0.153292,0.217938,0.286922,0.144647,0.174118,0.200154,0.148248,0.133232
0.248063,0.278184,0.510952,0.357527,-0.006514,0.250562,0.577253,0.167463,0.251100,-0.095037,0.170594,0.463860,0.496855,0.207805,0.139439,0.587928,-0.059074,0.148036,0.002559,0.203782,0.241114,-0.059480,0.203190,0.503025,-0.172883,0.348105,0.562746,0.446208,0.102421,0.304757,0.584516,0.101781,0.306036,0.296876,0.135409,0.515899,0.142434,0.121216,0.237785,0.011413,0.481479,0.233400,0.258056,0.457946,0.491554,0.232434,0.478021,0.296350,0.390267,0.277320,0.340923,0.261469,0.204237,0.228581,-0.111541,0.221536,0.463651,0.305782,0.307041,0.303964,0.373673,0.170176,-0.066041,0.488411,0.191687,0.300334,0.228829,0.537976,0.216945,0.340974,-0.095526,0.113952,0.483384,0.549478,0.307586,0.188710,-0.013936,0.332410,0.312563,0.284659,0.055601,0.086406,0.566432,0.484461,0.132766,0.454919,0.443854,0.315844,0.231671,0.521745,0.198824,0.498200,0.154408,0.220219,0.289092,0.142069,0.172458,0.200299,0.147890,0.132557
0.248256,0.279873,0.512771,0.357292,-0.006048,0.255717,0.577473,0.166351,0.251336,-0.097500,0.167205,0.460866,0.498583,0.208074,0.139062,0.587639,-0.059240,0.146883,0.003323,0.204901,0.241038,-0.055872,0.203117,0.503206,-0.169869,0.348892,0.562851,0.447088,0.100288,0.302466,0.584433,0.101752,0.303604,0.297611,0.137800,0.513960,0.142880,0.122661,0.238782,0.011249,0.480756,0.232552,0.258081,0.456997,0.492073,0.235343,0.476841,0.297680,0.389881,0.277351,0.343060,0.259354,0.200664,0.228966,-0.113012,0.223667,0.466195,0.305678,0.304321,0.302939,0.373184,0.169925,-0.067096,0.485816,0.191405,0.301059,0.228216,0.536318,0.213946,0.339947,-0.095293,0.114031,0.487613,0.549319,0.308325,0.188428,-0.011859,0.331319,0.314165,0.284702,0.056280,0.089346,0.566054,0.483654,0.132980,0.455829,0.442745,0.314917,0.230786,0.520598,0.199649,0.498430,0.154848,0.223239,0.288659,0.142398,0.174170,0.200813,0.143956,0.133284
0.248845,0.278713,0.509262,0.357946,-0.007591,0.257062,0.575852,0.165551,0.251652,-0.096882,0.169167,0.462990,0.497278,0.205635,0.137735,0.589447,-0.061653,0.148156,0.004021,0.205640,0.243003,-0.053706,0.202422,0.506222,-0.172386,0.349141,0.562912,0.447504,0.101323,0.304366,0.584707,0.102699,0.302923,0.298784,0.137779,0.516157,0.145231,0.119097,0.241850,0.010151,0.482540,0.234112,0.257152,0.459080,0.491013,0.234132,0.478200,0.295819,0.389685,0.277348,0.344582,0.257736,0.201146,0.230825,-0.113443,0.222969,0.465491,0.303697,0.304281,0.302201,0.372381,0.169609,-0.067494,0.486446,0.189708,0.301634,0.230123,0.536274,0.213484,0.342896,-0.092642,0.113438,0.488374,0.547972,0.307214,0.189104,-0.012802,0.328415,0.314293,0.284765,0.056893,0.088679,0.567352,0.483408,0.135144,0.453162,0.441943,0.311947,0.233450,0.519692,0.199517,0.498615,0.155761,0.220158,0.288344,0.143789,0.172471,0.201281,0.144836,0.132634
0.247459,0.280313,0.510633,0.357153,-0.007469,0.258153,0.574841,0.164915,0.251252,-0.098380,0.169208,0.464573,0.497891,0.206243,0.137912,0.588174,-0.061122,0.149218,0.003444,0.205179,0.242530,-0.051204,0.200917,0.507286,-0.169598,0.349336,0.563502,0.448087,0.102095,0.302217,0.585573,0.101659,0.305568,0.299638,0.137368,0.519209,0.145250,0.116455,0.242940,0.009269,0.483557,0.231544,0.257390,0.460653,0.490394,0.236589,0.479055,0.294378,0.389785,0.275962,0.343947,0.256616,0.201705,0.226215,-0.115866,0.222102,0.467483,0.303945,0.305653,0.303799,0.373723,0.168099,-0.066705,0.487204,0.190247,0.301969,0.229145,0.539206,0.217052,0.343382,-0.097112,0.115349,0.488801,0.546919,0.308007,0.189105,-0.011086,0.331231,0.313152,0.284854,0.058091,0.086203,0.568797,0.484087,0.134762,0.453550,0.442732,0.313292,0.234140,0.519753,0.201250,0.499253,0.155885,0.221124,0.288168,0.147681,0.171208,0.201241,0.144116,0.134504
0.245579,0.277559,0.510066,0.357218,-0.007397,0.259763,0.575425,0.166979,0.251701,-0.092669,0.172113,0.461379,0.497935,0.206668,0.141544,0.589792,-0.059443,0.151514,0.002897,0.206533,0.244166,-0.049930,0.201369,0.509562,-0.169635,0.349470,0.565285,0.447888,0.101123,0.301288,0.586717,0.103970,0.304670,0.299625,0.137373,0.521596,0.144052,0.117254,0.242992,0.009628,0.483882,0.231321,0.257479,0.460714,0.489888,0.236325,0.477621,0.294857,0.389438,0.274773,0.346424,0.260221,0.204599,0.227193,-0.111638,0.224271,0.464813,0.305163,0.303420,0.302238,0.372968,0.172588,-0.068810,0.486365,0.189967,0.301746,0.230929,0.537180,0.217824,0.343920,-0.095879,0.113151,0.491818,0.549291,0.309225,0.189419,-0.010233,0.330549,0.313678,0.284869,0.059092,0.086847,0.568680,0.485081,0.136502,0.452196,0.443355,0.312553,0.232914,0.521204,0.201571,0.499339,0.156546,0.223866,0.288024,0.147668,0.173327,0.203225,0.141247,0.134762
0.246067,0.278195,0.512047,0.359385,-0.007175,0.256399,0.575405,0.167241,0.252076,-0.095486,0.171275,0.458983,0.499206,0.204646,0.139741,0.588383,-0.061704,0.150786,0.002459,0.204309,0.243924,-0.051611,0.201731,0.508079,-0.174742,0.347215,0.566737,0.448178,0.099338,0.301904,0.586185,0.105715,0.303770,0.302868,0.135030,0.519182,0.143002,0.118301,0.245377,0.009805,0.486284,0.233356,0.259916,0.460849,0.491124,0.234473,0.476423,0.296660,0.389076,0.278773,0.348330,0.259983,0.203829,0.229692,-0.114478,0.225927,0.464429,0.307687,0.303543,0.304052,0.372611,0.174069,-0.067665,0.484319,0.188810,0.304530,0.234015,0.539978,0.216855,0.342628,-0.094804,0.114870,0.489760,0.551256,0.309630,0.188440,-0.011735,0.330026,0.312779,0.284940,0.058548,0.087817,0.570301,0.484133,0.135622,0.454004,0.443871,0.313885,0.235701,0.523461,0.201854,0.501314,0.156493,0.219531,0.287696,0.148764,0.171730,0.203198,0.141422,0.135094
0.250217,0.277637,0.510970,0.359797,-0.007509,0.258235,0.577779,0.166695,0.252308,-0.097931,0.167319,0.461416,0.498932,0.205526,0.143833,0.590096,-0.059782,0.152267,0.003131,0.206032,0.245301,-0.052851,0.201261,0.508305,-0.171271,0.348086,0.566272,0.446293,0.100667,0.301064,0.585285,0.104720,0.303386,0.302226,0.135529,0.517303,0.141627,0.118962,0.247155,0.008011,0.485951,0.234457,0.259681,0.459418,0.492337,0.233513,0.475606,0.299008,0.388919,0.281888,0.346848,0.258273,0.203426,0.231588,-0.110521,0.227392,0.466890,0.309842,0.305255,0.305672,0.374207,0.173272,-0.069303,0.484745,0.189164,0.306779,0.232108,0.538490,0.213988,0.342600,-0.094359,0.112952,0.490024,0.553119,0.309055,0.187702,-0.010591,0.329514,0.313396,0.285042,0.058295,0.087424,0.567852,0.482967,0.131449,0.452552,0.444576,0.313174,0.233573,0.524294,0.201915,0.502788,0.157118,0.222758,0.287535,0.151335,0.173628,0.201387,0.139150,0.136533
0.253521,0.278344,0.510138,0.359928,-0.007093,0.257778,0.578010,0.170045,0.251623,-0.097939,0.171062,0.461622,0.499214,0.207490,0.146848,0.588905,-0.058686,0.152339,0.003449,0.207395,0.245615,-0.050188,0.201274,0.505632,-0.172901,0.348068,0.566535,0.444920,0.099052,0.302285,0.587063,0.102186,0.302663,0.302417,0.135850,0.515757,0.140596,0.121267,0.246537,0.008558,0.486091,0.235206,0.258634,0.459218,0.493221,0.232163,0.478168,0.295529,0.390349,0.284292,0.344052,0.259652,0.206011,0.228913,-0.112068,0.228399,0.466123,0.310286,0.306762,0.306855,0.376567,0.172407,-0.068334,0.488468,0.188326,0.308465,0.231037,0.537935,0.213695,0.344307,-0.093707,0.115219,0.487154,0.552462,0.308586,0.187123,-0.011989,0.331450,0.313689,0.285151,0.057795,0.087204,0.568652,0.483734,0.132003,0.453204,0.445054,0.312567,0.234276,0.522940,0.202038,0.503941,0.157639,0.223901,0.289823,0.153377,0.175025,0.201783,0.139659,0.134856
0.250663,0.280318,0.509548,0.358538,-0.006845,0.258887,0.575636,0.170077,0.252882,-0.099949,0.172240,0.463874,0.498126,0.205143,0.143665,0.590661,-0.058853,0.151483,0.003002,0.208477,0.247616,-0.052941,0.200877,0.505162,-0.174581,0.346245,0.566593,0.445296,0.100477,0.303309,0.585858,0.099612,0.301128,0.300918,0.135949,0.516956,0.143508,0.122955,0.243134,0.007004,0.481051,0.234172,0.258668,0.461491,0.491311,0.232048,0.478747,0.295865,0.390413,0.282768,0.345357,0.259849,0.207755,0.227435,-0.111630,0.229368,0.468203,0.309679,0.304513,0.307484,0.375371,0.171906,-0.068083,0.491336,0.186817,0.309698,0.231926,0.537006,0.211445,0.346850,-0.093476,0.116366,0.487933,0.553358,0.308323,0.187840,-0.010684,0.330798,0.316736,0.285143,0.059002,0.087112,0.566486,0.482846,0.133617,0.451955,0.445251,0.310667,0.233253,0.522542,0.203237,0.503111,0.157873,0.224735,0.289461,0.148665,0.173896,0.200274,0.143609,0.134196
0.254698,0.279728,0.511620,0.358386,-0.007262,0.255652,0.576297,0.170121,0.252983,-0.099497,0.168564,0.461116,0.498539,0.205896,0.146732,0.588832,-0.058628,0.151918,0.001603,0.209232,0.248153,-0.051121,0.201476,0.507122,-0.175532,0.344900,0.566478,0.445644,0.104035,0.303629,0.586748,0.097726,0.301155,0.302578,0.139452,0.519880,0.145918,0.119607,0.244201,0.006320,0.480733,0.231699,0.258681,0.461553,0.487449,0.232759,0.479091,0.294935,0.390554,0.280064,0.344437,0.263054,0.203305,0.227477,-0.112824,0.227407,0.467234,0.309170,0.306727,0.305531,0.373641,0.170040,-0.067008,0.490736,0.185551,0.308135,0.230737,0.539697,0.215584,0.345314,-0.093367,0.115292,0.485425,0.551492,0.309544,0.188376,-0.011820,0.330204,0.315043,0.285302,0.054689,0.086108,0.567616,0.483859,0.134658,0.454907,0.447065,0.310569,0.235814,0.521551,0.203142,0.504245,0.161103,0.221203,0.288199,0.151495,0.173034,0.200836,0.144814,0.135912
0.253285,0.279278,0.513034,0.359097,-0.007158,0.256574,0.576587,0.169818,0.252329,-0.101078,0.168694,0.461162,0.500035,0.203984,0.143683,0.588551,-0.058525,0.153734,0.002490,0.208021,0.248576,-0.049712,0.201153,0.509634,-0.178660,0.342264,0.563873,0.446455,0.106762,0.302425,0.585722,0.101113,0.300943,0.303800,0.139138,0.517096,0.146030,0.119745,0.241242,0.007271,0.477011,0.231032,0.258606,0.460127,0.489638,0.233359,0.479238,0.295265,0.391640,0.279590,0.343720,0.263249,0.203382,0.227391,-0.111140,0.225959,0.466570,0.311161,0.306450,0.306320,0.372828,0.169879,-0.064892,0.492190,0.184577,0.309408,0.229760,0.541654,0.213017,0.347703,-0.097578,0.116016,0.488242,0.552445,0.309813,0.193690,-0.012545,0.332510,0.315107,0.285436,0.054081,0.089919,0.569126,0.483753,0.134274,0.451568,0.445328,0.310920,0.234487,0.521472,0.202911,0.505077,0.159973,0.223936,0.286718,0.149555,0.173348,0.199454,0.144391,0.134896
0.252116,0.280572,0.511637,0.358146,-0.007224,0.256949,0.574432,0.170930,0.252573,-0.099131,0.165900,0.461392,0.498662,0.205021,0.142628,0.587810,-0.057966,0.152388,0.003174,0.208137,0.245806,-0.048440,0.200706,0.506827,-0.178811,0.340353,0.561666,0.447497,0.105030,0.303993,0.586812,0.101306,0.301053,0.302956,0.140035,0.518701,0.147898,0.120183,0.240805,0.008122,0.479073,0.230601,0.257542,0.459060,0.489511,0.233062,0.479897,0.294383,0.390950,0.279126,0.341546,0.260535,0.200285,0.229758,-0.112671,0.224661,0.467094,0.311208,0.307790,0.307051,0.372549,0.169844,-0.064542,0.494022,0.186416,0.307332,0.229618,0.542941,0.214840,0.346790,-0.096065,0.116834,0.488958,0.551813,0.309944,0.193184,-0.013111,0.329832,0.315192,0.285452,0.055831,0.089131,0.567102,0.484322,0.133948,0.450265,0.444618,0.311321,0.236946,0.517134,0.198767,0.505627,0.159939,0.226101,0.287176,0.148712,0.174255,0.200216,0.147327,0.136497
0.250017,0.277905,0.508459,0.360461,-0.007304,0.258675,0.573568,0.169692,0.252798,-0.098912,0.169794,0.459081,0.498793,0.206931,0.146076,0.588413,-0.058180,0.152028,0.001895,0.207735,0.246761,-0.051296,0.201354,0.507482,-0.176838,0.340572,0.563705,0.447923,0.105264,0.305415,0.586093,0.101938,0.304221,0.304145,0.139740,0.521318,0.146376,0.118939,0.241438,0.010541,0.481297,0.229343,0.256776,0.460100,0.489317,0.231916,0.480387,0.295488,0.390873,0.281995,0.340074,0.258490,0.201231,0.227810,-0.115223,0.220430,0.466678,0.312806,0.308863,0.307492,0.371883,0.169880,-0.063805,0.490055,0.187651,0.305009,0.229410,0.540275,0.213088,0.348751,-0.093500,0.114360,0.489226,0.553350,0.308340,0.192893,-0.013815,0.329531,0.315384,0.285496,0.054986,0.089198,0.565597,0.484866,0.133632,0.449318,0.443139,0.313028,0.234619,0.517995,0.199776,0.504088,0.163002,0.222257,0.289471,0.148611,0.174974,0.200420,0.149675,0.135346
0.249785,0.277476,0.508576,0.359701,-0.007230,0.259092,0.571975,0.171802,0.253299,-0.097484,0.170034,0.459075,0.499111,0.208165,0.144208,0.588791,-0.055045,0.153305,0.002043,0.205308,0.248411,-0.053776,0.203610,0.502211,-0.177395,0.339406,0.563700,0.448124,0.107759,0.306460,0.585784,0.102024,0.303226,0.303833,0.139512,0.521460,0.148422,0.121432,0.242594,0.012340,0.482266,0.228315,0.259491,0.457893,0.491647,0.231579,0.479003,0.298175,0.391822,0.279409,0.342388,0.261942,0.204378,0.228077,-0.115616,0.220032,0.466186,0.312458,0.308212,0.305498,0.372322,0.174069,-0.065125,0.489002,0.188678,0.303169,0.229062,0.538803,0.211580,0.350533,-0.097758,0.115442,0.491168,0.553847,0.307884,0.192598,-0.014132,0.327121,0.314108,0.285558,0.054155,0.087700,0.566263,0.485247,0.133329,0.450864,0.443609,0.313036,0.233445,0.519913,0.200409,0.502897,0.165107,0.218379,0.289080,0.151402,0.175619,0.202563,0.148154,0.136968
0.250142,0.277170,0.508572,0.361180,-0.007550,0.259907,0.574674,0.173504,0.253095,-0.099503,0.166895,0.457038,0.499281,0.207713,0.141932,0.589055,-0.056481,0.154257,0.005510,0.205756,0.248658,-0.056135,0.205324,0.502379,-0.177752,0.342227,0.565319,0.447733,0.104806,0.307401,0.584634,0.104331,0.302416,0.302942,0.136851,0.521842,0.146205,0.118509,0.242699,0.014001,0.483400,0.228957,0.259438,0.457376,0.491001,0.232096,0.477778,0.296291,0.391106,0.277397,0.345211,0.264404,0.203833,0.224274,-0.116463,0.222553,0.465925,0.309345,0.309133,0.303456,0.371903,0.171741,-0.067642,0.486391,0.190106,0.305592,0.229417,0.540889,0.210501,0.351040,-0.096626,0.115445,0.490847,0.551870,0.309161,0.192417,-0.014222,0.330306,0.312642,0.285672,0.053679,0.087939,0.567473,0.485386,0.133045,0.448754,0.441927,0.310674,0.232575,0.515831,0.199890,0.502038,0.163659,0.217211,0.291153,0.146705,0.176707,0.200824,0.148579,0.136988
0.247680,0.277191,0.506228,0.360844,-0.007094,0.260225,0.575345,0.174917,0.253210,-0.100372,0.167919,0.457346,0.499507,0.207881,0.141672,0.587989,-0.053880,0.151745,0.005626,0.205104,0.248761,-0.058073,0.204103,0.503771,-0.178105,0.344266,0.562766,0.447505,0.105529,0.306915,0.586459,0.103833,0.301811,0.302302,0.138354,0.519504,0.148070,0.120231,0.244840,0.012952,0.486090,0.227840,0.260609,0.457995,0.490444,0.233007,0.477224,0.294785,0.392166,0.280604,0.344002,0.266131,0.203325,0.224856,-0.115889,0.223080,0.465666,0.311128,0.309800,0.304831,0.373577,0.171025,-0.067061,0.486644,0.188902,0.304488,0.229354,0.538463,0.209612,0.349652,-0.093788,0.114869,0.493308,0.553580,0.309643,0.191932,-0.011888,0.332070,0.313313,0.285731,0.054040,0.086551,0.569014,0.485832,0.132970,0.448121,0.440502,0.310652,0.235045,0.512513,0.199454,0.503276,0.165482,0.221120,0.289001,0.145798,0.177668,0.200895,0.147525,0.138020
0.247625,0.276866,0.506895,0.362052,-0.008320,0.259122,0.574639,0.173950,0.253295,-0.094266,0.168647,0.461209,0.500520,0.207757,0.141060,0.587952,-0.054576,0.151039,0.003717,0.203251,0.249818,-0.055639,0.205724,0.505527,-0.178339,0.346072,0.562942,0.447311,0.105663,0.307631,0.586072,0.105720,0.301558,0.298560,0.138528,0.520690,0.146615,0.117671,0.245248,0.011332,0.486732,0.230757,0.261693,0.458559,0.489290,0.233730,0.476813,0.294032,0.391825,0.279849,0.341846,0.267555,0.203504,0.221740,-0.111652,0.219157,0.466359,0.310238,0.306824,0.307054,0.372297,0.170740,-0.067000,0.489902,0.190216,0.304138,0.228918,0.537280,0.208991,0.349257,-0.093376,0.115641,0.489400,0.554175,0.309298,0.196428,-0.012707,0.329093,0.313730,0.285791,0.054663,0.086974,0.569692,0.486280,0.132679,0.451085,0.439496,0.313044,0.237024,0.513994,0.198879,0.502943,0.162726,0.224114,0.289413,0.149253,0.177030,0.200979,0.146653,0.137769
0.247784,0.275002,0.505311,0.360217,-0.008255,0.263152,0.574897,0.172362,0.252608,-0.089385,0.170429,0.463561,0.500543,0.205219,0.141087,0.589876,-0.054696,0.149324,0.004394,0.202117,0.249584,-0.053576,0.207154,0.507018,-0.177968,0.343528,0.564767,0.447624,0.104194,0.305304,0.587445,0.105221,0.299969,0.295875,0.138619,0.521241,0.145411,0.119595,0.241940,0.010188,0.481556,0.232915,0.260467,0.459295,0.489349,0.233999,0.479134,0.295272,0.391407,0.279558,0.340406,0.268612,0.202904,0.222010,-0.112437,0.219152,0.466702,0.307437,0.308372,0.305112,0.372226,0.169120,-0.066912,0.489211,0.188085,0.303989,0.230377,0.539843,0.208621,0.350954,-0.095178,0.116185,0.491225,0.553070,0.310655,0.195488,-0.011354,0.327273,0.316888,0.285847,0.054189,0.089873,0.568580,0.485720,0.134245,0.450657,0.440920,0.311555,0.238886,0.514778,0.199802,0.503964,0.160653,0.226144,0.287794,0.150052,0.174652,0.201423,0.145885,0.137546
0.251348,0.276264,0.504301,0.359573,-0.007942,0.264065,0.577035,0.171992,0.254042,-0.089798,0.170291,0.465390,0.498975,0.206166,0.144991,0.589860,-0.055169,0.151668,0.004846,0.202762,0.247419,-0.055661,0.206365,0.505116,-0.173640,0.346462,0.566211,0.447474,0.106893,0.306589,0.587240,0.102104,0.298682,0.297060,0.139791,0.521755,0.145544,0.120136,0.244346,0.011947,0.482893,0.234588,0.259353,0.461269,0.489328,0.236886,0.477750,0.297801,0.392427,0.279173,0.343806,0.266321,0.202816,0.222222,-0.111811,0.220378,0.465974,0.305236,0.307590,0.303454,0.372102,0.173549,-0.067556,0.489459,0.189254,0.303308,0.233734,0.537494,0.211729,0.350152,-0.094440,0.116894,0.489181,0.551172,0.310136,0.193783,-0.012596,0.329884,0.315128,0.285800,0.050729,0.087193,0.568684,0.485219,0.136255,0.454217,0.442401,0.309878,0.236099,0.518507,0.200380,0.502934,0.156705,0.226488,0.286354,0.149203,0.174868,0.201666,0.147102,0.136195
0.250970,0.276227,0.503699,0.362147,-0.007517,0.263531,0.578705,0.171328,0.253380,-0.090503,0.166908,0.465407,0.499419,0.206844,0.142422,0.588021,-0.052706,0.151457,0.007609,0.203999,0.244605,-0.055305,0.205680,0.503569,-0.172614,0.347062,0.565790,0.447873,0.106726,0.306257,0.586425,0.102369,0.299246,0.296933,0.140071,0.522122,0.145492,0.120116,0.245151,0.010631,0.484439,0.232078,0.259364,0.460617,0.486082,0.235546,0.476929,0.297458,0.391693,0.277451,0.341805,0.263004,0.199547,0.220157,-0.113132,0.220185,0.465480,0.303410,0.308485,0.305782,0.373624,0.171173,-0.066879,0.491295,0.190184,0.303218,0.235848,0.536609,0.212312,0.350003,-0.092364,0.114430,0.486228,0.550593,0.310556,0.192547,-0.013223,0.330334,0.315158,0.285952,0.051815,0.090709,0.569460,0.485802,0.135896,0.451152,0.441473,0.308928,0.238339,0.521495,0.202067,0.500523,0.156274,0.222565,0.286640,0.145665,0.173128,0.201826,0.149464,0.134716
0.253966,0.276148,0.507878,0.363968,-0.008539,0.259668,0.576904,0.170922,0.253277,-0.093888,0.168024,0.465298,0.499772,0.204525,0.142194,0.589732,-0.053662,0.150845,0.006151,0.205263,0.243706,-0.053213,0.204230,0.502254,-0.173828,0.346253,0.563341,0.447533,0.107119,0.307308,0.586500,0.102912,0.299285,0.297769,0.139601,0.522421,0.144332,0.122264,0.244026,0.008551,0.480074,0.231659,0.260608,0.459247,0.486228,0.234627,0.476572,0.295962,0.391542,0.277648,0.341028,0.262251,0.200666,0.221913,-0.109555,0.216867,0.467588,0.304786,0.308937,0.307573,0.374592,0.170960,-0.064959,0.493437,0.191160,0.303047,0.235937,0.539538,0.216416,0.348936,-0.090565,0.112920,0.485560,0.552444,0.310883,0.192505,-0.013511,0.332805,0.318007,0.285981,0.048917,0.090321,0.567183,0.486204,0.131980,0.452516,0.441219,0.307245,0.238283,0.521101,0.200818,0.502102,0.153373,0.220392,0.285431,0.149360,0.174845,0.201720,0.147969,0.135262
