-0.829404,-0.469369,0.848185,-0.813140,0.071413,0.239057,0.988504,-0.926566,0.680124,-0.743241,-0.877436,0.609040,-0.660276,0.417868,-0.965736,0.369382,0.614634,0.743190,-0.683678,0.062886,-0.338735,-0.393054,-0.903791,0.901428,-0.155840,0.764231,-0.510105,-0.769162,0.398197,-0.155782,0.821260,-0.263193,0.785174,-0.391459,-0.819397,0.804421,-0.794808,0.104264,-0.938974,-0.848571,0.103605,0.774770,0.218288,0.503676,-0.281419,0.200783,0.014233,0.786941,-0.634509,-0.561491,0.515596,-0.326882,0.772937,0.454511,-0.162816,0.686038,-0.528774,-0.754339,-0.640711,-0.936348,0.251537,0.317225,0.249406,-0.344025,-0.097828,-0.718130,-0.527706,0.736045,-0.304200,0.195206,-0.355488,-0.315811,-0.114159,0.682895,0.550384,-0.391113,0.610211,0.150465,-0.609206,0.685390,-0.119980,0.978500,0.338839,0.467907,0.879952,0.041644,-0.336354,0.935363,0.087449,-0.960721,-0.049988,0.680709,0.760898,0.216820,0.577783,-0.886015,-0.413548,-0.405735,0.810799,0.315157
-0.746061,-0.420669,0.800215,-0.748065,0.027289,0.216983,0.922217,-0.852454,0.629418,-0.697527,-0.778950,0.598157,-0.617543,0.406764,-0.897033,0.314462,0.568830,0.701723,-0.627950,0.052820,-0.310780,-0.348590,-0.833796,0.812637,-0.125998,0.730096,-0.465310,-0.692889,0.371360,-0.168749,0.747003,-0.229021,0.702618,-0.361059,-0.768849,0.730647,-0.720843,0.148287,-0.868289,-0.766196,0.077261,0.733522,0.211170,0.467377,-0.277677,0.191927,0.023317,0.721503,-0.609344,-0.523878,0.471495,-0.304340,0.728411,0.443760,-0.142135,0.624698,-0.468177,-0.673783,-0.583234,-0.871206,0.231618,0.315982,0.240938,-0.308690,-0.088728,-0.657225,-0.456929,0.692943,-0.290848,0.192357,-0.317129,-0.269163,-0.101842,0.648110,0.496934,-0.360730,0.552376,0.152992,-0.564010,0.648427,-0.118865,0.903408,0.299489,0.437877,0.832076,0.041443,-0.297004,0.866657,0.084599,-0.871892,-0.049807,0.621202,0.716091,0.202912,0.532734,-0.770951,-0.378507,-0.351857,0.735992,0.288627
-0.668350,-0.377239,0.754142,-0.680631,-0.009615,0.197869,0.859679,-0.783901,0.581609,-0.654091,-0.690182,0.584964,-0.578766,0.393830,-0.834515,0.264441,0.530497,0.660839,-0.578044,0.040123,-0.289853,-0.312022,-0.766124,0.735671,-0.106398,0.693705,-0.427874,-0.619820,0.349404,-0.183236,0.677277,-0.197377,0.631803,-0.329905,-0.717637,0.663783,-0.648379,0.185839,-0.803611,-0.691428,0.053959,0.697731,0.204235,0.431040,-0.276672,0.184561,0.026449,0.666970,-0.585640,-0.488745,0.430854,-0.283486,0.685991,0.432686,-0.119765,0.562887,-0.408776,-0.600548,-0.529478,-0.811531,0.210933,0.314238,0.229416,-0.274195,-0.082810,-0.600922,-0.392362,0.649117,-0.278159,0.188700,-0.282070,-0.226386,-0.092560,0.616355,0.448954,-0.333419,0.500386,0.154875,-0.525303,0.614060,-0.115028,0.835147,0.264324,0.409279,0.786968,0.042316,-0.262852,0.801064,0.078259,-0.791274,-0.048000,0.566233,0.674329,0.186197,0.495107,-0.669899,-0.341910,-0.300006,0.673445,0.269821
-0.595840,-0.336968,0.712619,-0.624675,-0.041717,0.181849,0.800277,-0.720240,0.535469,-0.612857,-0.610144,0.573513,-0.540551,0.384186,-0.776075,0.220321,0.495498,0.620856,-0.532854,0.032306,-0.265702,-0.277720,-0.703612,0.664397,-0.083103,0.661257,-0.392271,-0.556610,0.327774,-0.195726,0.608391,-0.169549,0.566952,-0.303137,-0.671724,0.603212,-0.586208,0.214334,-0.743478,-0.624162,0.033721,0.666636,0.197192,0.400471,-0.273004,0.180161,0.030154,0.614045,-0.557210,-0.456929,0.396636,-0.263045,0.645254,0.423744,-0.099012,0.510470,-0.357599,-0.534030,-0.482328,-0.756865,0.195608,0.312680,0.224694,-0.241243,-0.077279,-0.548688,-0.333478,0.608957,-0.265176,0.185301,-0.245189,-0.187310,-0.082212,0.585539,0.409882,-0.306931,0.451245,0.156428,-0.489901,0.581603,-0.113035,0.771026,0.233163,0.387472,0.744372,0.042795,-0.232605,0.742561,0.076707,-0.716819,-0.051255,0.514444,0.638440,0.177181,0.460758,-0.577860,-0.312461,-0.259462,0.617301,0.252749
-0.531355,-0.300774,0.673836,-0.572401,-0.068935,0.168113,0.744866,-0.660496,0.492332,-0.578046,-0.538026,0.561409,-0.505339,0.372297,-0.722735,0.181595,0.460649,0.589638,-0.487157,0.023288,-0.243316,-0.246810,-0.644573,0.599641,-0.067843,0.629324,-0.359270,-0.498459,0.308453,-0.202946,0.551217,-0.142990,0.506559,-0.277890,-0.629434,0.548364,-0.530582,0.239037,-0.687624,-0.561486,0.016953,0.639363,0.191198,0.372046,-0.268338,0.175320,0.031387,0.565548,-0.532806,-0.430416,0.365358,-0.244114,0.608686,0.414883,-0.083515,0.462289,-0.308383,-0.473773,-0.438869,-0.706774,0.180833,0.311169,0.220382,-0.212699,-0.071090,-0.501556,-0.279814,0.575243,-0.251251,0.184714,-0.214591,-0.152678,-0.070212,0.558928,0.374175,-0.279464,0.408386,0.157475,-0.457293,0.550223,-0.109086,0.714439,0.205163,0.363521,0.701956,0.044639,-0.205912,0.691724,0.074156,-0.649831,-0.054523,0.466491,0.604674,0.167499,0.428409,-0.496994,-0.281629,-0.220312,0.567694,0.234184
-0.472276,-0.265650,0.636922,-0.523184,-0.088713,0.156965,0.693476,-0.605237,0.452868,-0.543917,-0.473120,0.547955,-0.467297,0.362655,-0.675521,0.145820,0.428995,0.560927,-0.446174,0.014111,-0.224431,-0.215344,-0.589988,0.540761,-0.050564,0.598193,-0.329443,-0.441895,0.292988,-0.208339,0.493446,-0.118858,0.455055,-0.251059,-0.589693,0.497303,-0.477001,0.260389,-0.634085,-0.505277,0.004360,0.615424,0.184321,0.345314,-0.261377,0.169089,0.032682,0.521846,-0.508816,-0.404541,0.337205,-0.225552,0.574696,0.405397,-0.067623,0.418241,-0.265877,-0.421964,-0.397261,-0.656360,0.167147,0.309304,0.213642,-0.189333,-0.063379,-0.457529,-0.231294,0.541086,-0.236192,0.181486,-0.185856,-0.120781,-0.061725,0.533282,0.339064,-0.254680,0.365192,0.156698,-0.424283,0.517231,-0.103625,0.661297,0.181806,0.340869,0.661774,0.044369,-0.182449,0.641611,0.071912,-0.587326,-0.053022,0.423907,0.572803,0.156300,0.398753,-0.423531,-0.253005,-0.182285,0.517824,0.218621
-0.418778,-0.235813,0.602715,-0.476068,-0.104584,0.148426,0.647691,-0.550759,0.416628,-0.511614,-0.414764,0.535373,-0.431649,0.350897,-0.633963,0.114862,0.402671,0.530710,-0.406838,0.009039,-0.205167,-0.190688,-0.540759,0.489042,-0.034403,0.567512,-0.301634,-0.393267,0.279532,-0.211070,0.444785,-0.096838,0.405848,-0.227763,-0.551471,0.452366,-0.426934,0.277380,-0.581740,-0.452232,-0.005648,0.594391,0.176353,0.319564,-0.255472,0.164498,0.035394,0.482189,-0.486771,-0.380963,0.312465,-0.209061,0.542010,0.392865,-0.056225,0.378895,-0.225611,-0.376476,-0.361331,-0.614482,0.154850,0.304201,0.208587,-0.165021,-0.056794,-0.418456,-0.184409,0.509034,-0.222610,0.180733,-0.154711,-0.091671,-0.048205,0.511690,0.310425,-0.230682,0.330263,0.154478,-0.393842,0.489207,-0.099188,0.612643,0.159048,0.322910,0.624026,0.045256,-0.161598,0.596445,0.069951,-0.530513,-0.051042,0.383524,0.542420,0.145739,0.372570,-0.359017,-0.229481,-0.150359,0.477858,0.205684
-0.370263,-0.209135,0.571044,-0.433686,-0.117820,0.139369,0.604531,-0.500433,0.382950,-0.480801,-0.362259,0.523474,-0.401629,0.342973,-0.594500,0.085491,0.376387,0.506009,-0.370594,0.004486,-0.190192,-0.166875,-0.493081,0.438605,-0.020319,0.539571,-0.273333,-0.349321,0.265953,-0.215032,0.400041,-0.076728,0.361296,-0.205067,-0.517612,0.410746,-0.378627,0.292821,-0.535580,-0.403918,-0.013644,0.575800,0.171434,0.297953,-0.249376,0.157583,0.035366,0.446089,-0.463781,-0.360078,0.289050,-0.192028,0.513409,0.383450,-0.042961,0.344310,-0.189062,-0.331015,-0.327455,-0.571869,0.143163,0.299267,0.204053,-0.142164,-0.050236,-0.380851,-0.141909,0.479663,-0.209169,0.177811,-0.127633,-0.062897,-0.040501,0.491583,0.283208,-0.207474,0.294949,0.154904,-0.365067,0.459897,-0.096078,0.570053,0.139698,0.304814,0.590610,0.045767,-0.143953,0.559262,0.069194,-0.478813,-0.052738,0.348164,0.513109,0.137519,0.348772,-0.300314,-0.207672,-0.122215,0.439140,0.192782
-0.325700,-0.181163,0.540135,-0.389719,-0.126209,0.132339,0.561970,-0.456563,0.350945,-0.449982,-0.314345,0.508123,-0.372396,0.334392,-0.561850,0.059293,0.354641,0.484562,-0.335788,-0.001332,-0.174839,-0.145154,-0.448616,0.394197,-0.010915,0.511956,-0.246687,-0.308676,0.253433,-0.215936,0.359376,-0.059133,0.318615,-0.184745,-0.485646,0.373765,-0.336706,0.303954,-0.491668,-0.360765,-0.019612,0.559395,0.164605,0.280638,-0.243788,0.152418,0.034953,0.412794,-0.442523,-0.341003,0.266529,-0.176759,0.486723,0.373735,-0.031198,0.308341,-0.157080,-0.291680,-0.297031,-0.536713,0.131553,0.297450,0.199066,-0.122211,-0.042566,-0.344522,-0.106976,0.452794,-0.194679,0.175594,-0.102123,-0.036029,-0.032844,0.473682,0.259974,-0.185015,0.266638,0.154035,-0.338766,0.435371,-0.090595,0.530330,0.122558,0.287860,0.557623,0.046005,-0.127950,0.523627,0.068578,-0.433161,-0.051813,0.315612,0.484416,0.132421,0.324302,-0.247985,-0.187829,-0.098025,0.405937,0.182034
-0.284551,-0.155478,0.512654,-0.353049,-0.132785,0.125479,0.523962,-0.413557,0.322264,-0.420548,-0.271853,0.496625,-0.345297,0.326430,-0.531802,0.035921,0.332724,0.462313,-0.304435,-0.004571,-0.159189,-0.125282,-0.407107,0.354082,-0.004217,0.487760,-0.224154,-0.271131,0.243777,-0.218067,0.319983,-0.040288,0.282982,-0.166159,-0.454336,0.341543,-0.299977,0.312341,-0.451287,-0.321351,-0.023731,0.544763,0.160216,0.264572,-0.238105,0.147542,0.034338,0.383050,-0.418779,-0.323584,0.246117,-0.161643,0.462212,0.364068,-0.023622,0.277893,-0.128941,-0.256807,-0.269058,-0.504888,0.119498,0.294945,0.196767,-0.102530,-0.035889,-0.312053,-0.071790,0.430295,-0.182618,0.174742,-0.076235,-0.012535,-0.021472,0.456871,0.236876,-0.162216,0.238639,0.151791,-0.313809,0.409114,-0.088247,0.491722,0.106879,0.272362,0.528168,0.045924,-0.114461,0.491551,0.067218,-0.390612,-0.052165,0.285669,0.459124,0.128893,0.303978,-0.201361,-0.167204,-0.074139,0.374410,0.170681
-0.245970,-0.133661,0.486987,-0.318479,-0.136192,0.119645,0.487600,-0.373846,0.294734,-0.392812,-0.233734,0.484019,-0.318984,0.316943,-0.503897,0.015208,0.314801,0.441835,-0.276140,-0.007321,-0.146910,-0.107905,-0.368421,0.317733,0.005532,0.463464,-0.203205,-0.236485,0.233703,-0.216782,0.284594,-0.025327,0.250144,-0.148561,-0.424816,0.310892,-0.264261,0.318710,-0.412162,-0.285032,-0.026201,0.531616,0.155517,0.248819,-0.230564,0.142542,0.034468,0.357217,-0.398253,-0.306676,0.230086,-0.147469,0.438981,0.353933,-0.016652,0.250250,-0.103418,-0.224890,-0.242603,-0.475316,0.109586,0.292564,0.193541,-0.087304,-0.029140,-0.283452,-0.043196,0.407799,-0.171556,0.173354,-0.054746,0.007700,-0.014461,0.441907,0.218300,-0.140685,0.217027,0.151945,-0.289615,0.387799,-0.082668,0.457791,0.092992,0.256253,0.500192,0.045596,-0.102792,0.463469,0.066460,-0.347980,-0.049791,0.257922,0.435226,0.123362,0.286708,-0.159910,-0.148929,-0.052367,0.346477,0.162107
-0.212623,-0.111569,0.462098,-0.286650,-0.137178,0.115123,0.455914,-0.339149,0.268278,-0.366332,-0.198640,0.472775,-0.292126,0.311356,-0.477513,-0.001919,0.298450,0.425959,-0.247647,-0.010970,-0.133352,-0.091519,-0.332251,0.286686,0.013342,0.441662,-0.181953,-0.204450,0.224763,-0.216333,0.252677,-0.009756,0.221581,-0.131910,-0.396962,0.284449,-0.228728,0.323618,-0.376200,-0.250526,-0.027807,0.519730,0.150136,0.232889,-0.224057,0.138364,0.032591,0.332594,-0.377819,-0.291500,0.214686,-0.133574,0.416806,0.344603,-0.010180,0.225026,-0.079970,-0.196728,-0.218422,-0.448193,0.099076,0.289926,0.190635,-0.070769,-0.021899,-0.256909,-0.014941,0.387215,-0.159339,0.171249,-0.034211,0.025580,-0.005698,0.427761,0.199618,-0.119750,0.195158,0.149753,-0.267182,0.366689,-0.078800,0.427305,0.081499,0.243058,0.474187,0.045097,-0.093226,0.438458,0.065823,-0.311290,-0.047361,0.231684,0.413462,0.118648,0.270137,-0.123072,-0.131519,-0.033498,0.323565,0.153495
-0.182233,-0.092243,0.438964,-0.256661,-0.137091,0.112650,0.425430,-0.306587,0.244352,-0.338865,-0.168165,0.461184,-0.268649,0.305034,-0.453204,-0.017090,0.283589,0.411095,-0.221970,-0.014472,-0.120727,-0.076525,-0.298716,0.258583,0.020707,0.421014,-0.162266,-0.172953,0.217266,-0.214685,0.223514,0.002141,0.197340,-0.116054,-0.370811,0.260651,-0.200192,0.326774,-0.342581,-0.219700,-0.028088,0.508932,0.146014,0.218324,-0.215980,0.133577,0.031658,0.310116,-0.358421,-0.278722,0.200937,-0.120422,0.396623,0.335500,-0.004503,0.203410,-0.058447,-0.169143,-0.195920,-0.422648,0.090394,0.286792,0.188104,-0.057952,-0.015709,-0.230229,0.008682,0.369009,-0.148408,0.169260,-0.014997,0.043006,0.001836,0.413693,0.184652,-0.100066,0.175651,0.147724,-0.245412,0.347400,-0.074864,0.398915,0.070618,0.230616,0.449566,0.042536,-0.082547,0.414887,0.067263,-0.277812,-0.046646,0.209883,0.391133,0.114076,0.255735,-0.090691,-0.117297,-0.016846,0.304696,0.147003
-0.154634,-0.074126,0.417660,-0.227859,-0.134892,0.110655,0.395315,-0.277194,0.221686,-0.315023,-0.141089,0.449241,-0.246554,0.299547,-0.431478,-0.030727,0.266770,0.396147,-0.197743,-0.017470,-0.109850,-0.063738,-0.267893,0.231298,0.026431,0.401483,-0.145747,-0.143420,0.211457,-0.212540,0.195224,0.012821,0.174491,-0.099838,-0.346049,0.239465,-0.171694,0.328917,-0.311873,-0.192897,-0.026631,0.499041,0.141410,0.205261,-0.208657,0.129752,0.030289,0.290550,-0.339522,-0.265541,0.187770,-0.107729,0.376542,0.326191,0.000840,0.182656,-0.036353,-0.144609,-0.176205,-0.396244,0.081221,0.282743,0.186785,-0.044997,-0.009612,-0.206472,0.030132,0.353240,-0.136207,0.166532,0.003242,0.059749,0.008030,0.401594,0.169545,-0.081270,0.160335,0.145830,-0.224893,0.326816,-0.069419,0.374437,0.061968,0.219381,0.426459,0.041919,-0.073306,0.394497,0.067044,-0.245161,-0.045615,0.187779,0.371682,0.110937,0.241569,-0.061347,-0.103181,0.000303,0.287481,0.141510
-0.128939,-0.058285,0.398138,-0.199650,-0.131433,0.107884,0.369580,-0.247645,0.200902,-0.291081,-0.116894,0.438678,-0.225561,0.294239,-0.409432,-0.042507,0.254728,0.383566,-0.176018,-0.019768,-0.100490,-0.051444,-0.238414,0.206847,0.031243,0.383051,-0.130878,-0.117155,0.205122,-0.208367,0.169240,0.022322,0.153754,-0.084544,-0.322589,0.220018,-0.145831,0.329849,-0.281705,-0.168212,-0.024165,0.489933,0.136469,0.195363,-0.200970,0.125841,0.029176,0.272092,-0.322020,-0.253982,0.176649,-0.095006,0.357874,0.317273,0.007420,0.164940,-0.018415,-0.122483,-0.158103,-0.374594,0.072755,0.279238,0.184092,-0.034206,-0.004610,-0.184559,0.049656,0.338728,-0.123411,0.164729,0.020587,0.073255,0.015550,0.390510,0.155976,-0.063293,0.145668,0.146260,-0.205565,0.309470,-0.064606,0.353017,0.054309,0.207334,0.403939,0.041156,-0.066708,0.374622,0.066589,-0.215444,-0.042564,0.168200,0.352677,0.110073,0.228956,-0.035380,-0.090264,0.013857,0.271643,0.135181
-0.106534,-0.043598,0.379893,-0.176186,-0.127095,0.105598,0.346981,-0.220324,0.180986,-0.269065,-0.094567,0.428463,-0.205698,0.289355,-0.389110,-0.053154,0.240874,0.371376,-0.155596,-0.021704,-0.090881,-0.040633,-0.211371,0.184387,0.035679,0.364486,-0.117024,-0.093985,0.199414,-0.205060,0.146940,0.031820,0.136084,-0.070198,-0.298363,0.200924,-0.123497,0.329850,-0.254336,-0.145431,-0.021055,0.481483,0.133141,0.184723,-0.192997,0.122100,0.027593,0.255905,-0.302978,-0.242751,0.166035,-0.082795,0.340523,0.308021,0.011779,0.147872,-0.001338,-0.100843,-0.140938,-0.354974,0.064321,0.275718,0.183680,-0.024243,0.001761,-0.164248,0.069931,0.325639,-0.111695,0.162400,0.036946,0.086439,0.022063,0.380561,0.143661,-0.045700,0.131177,0.146538,-0.187400,0.293207,-0.059861,0.332929,0.046818,0.196260,0.383350,0.039885,-0.061477,0.358142,0.066029,-0.188337,-0.039452,0.150372,0.334835,0.107305,0.217974,-0.012348,-0.079352,0.026810,0.256033,0.130790
-0.085788,-0.029674,0.362980,-0.151956,-0.121656,0.103736,0.324607,-0.195018,0.162913,-0.248065,-0.075070,0.418297,-0.186946,0.284107,-0.371750,-0.062187,0.231224,0.360032,-0.134005,-0.023552,-0.081544,-0.029031,-0.185560,0.164250,0.039076,0.347063,-0.103023,-0.071356,0.194423,-0.201332,0.126145,0.040394,0.118626,-0.057623,-0.277348,0.183897,-0.099944,0.328879,-0.228427,-0.125094,-0.016337,0.473588,0.129882,0.175582,-0.185561,0.119375,0.025422,0.241330,-0.285875,-0.232384,0.156200,-0.071089,0.324377,0.299293,0.016501,0.132335,0.013797,-0.080745,-0.125892,-0.335169,0.057046,0.272789,0.181493,-0.013846,0.008152,-0.146415,0.086675,0.313328,-0.101013,0.160562,0.052478,0.099083,0.029749,0.371888,0.132894,-0.029246,0.119727,0.144692,-0.170262,0.278026,-0.054813,0.314127,0.040957,0.186036,0.363969,0.038612,-0.056815,0.342568,0.066038,-0.164926,-0.036328,0.133489,0.318985,0.107089,0.207287,0.008030,-0.069772,0.039827,0.242559,0.126260
-0.066406,-0.017258,0.347261,-0.131959,-0.115328,0.102192,0.304000,-0.172538,0.146427,-0.227893,-0.058003,0.408228,-0.169277,0.279831,-0.356053,-0.070757,0.222506,0.350759,-0.115340,-0.024881,-0.072546,-0.020741,-0.161473,0.145348,0.040845,0.331073,-0.090733,-0.049317,0.189958,-0.196835,0.106454,0.048379,0.103043,-0.044937,-0.257937,0.170321,-0.078287,0.326593,-0.205414,-0.104936,-0.011172,0.466151,0.127473,0.166713,-0.178751,0.117246,0.023314,0.227668,-0.270009,-0.222963,0.148249,-0.060141,0.310406,0.290953,0.019881,0.117237,0.027699,-0.064622,-0.111599,-0.318299,0.050320,0.269557,0.180174,-0.004589,0.014147,-0.129911,0.102916,0.302002,-0.089450,0.158597,0.067070,0.109736,0.034315,0.363327,0.122531,-0.013150,0.108826,0.145006,-0.154073,0.264138,-0.049922,0.297439,0.035535,0.176424,0.346130,0.037507,-0.052654,0.329908,0.067127,-0.143828,-0.034146,0.118807,0.304062,0.105174,0.197450,0.026237,-0.059910,0.050008,0.229619,0.122739
-0.049467,-0.005400,0.332675,-0.113365,-0.106853,0.100940,0.285885,-0.151626,0.130270,-0.208341,-0.042941,0.397785,-0.152576,0.275802,-0.341500,-0.077529,0.213562,0.343030,-0.097571,-0.026390,-0.064226,-0.013018,-0.138910,0.128909,0.044017,0.316514,-0.079669,-0.029490,0.187154,-0.191297,0.088859,0.055061,0.089305,-0.033048,-0.239578,0.157591,-0.059502,0.324508,-0.182792,-0.088014,-0.006905,0.459060,0.124558,0.158525,-0.171367,0.115362,0.021866,0.215727,-0.254859,-0.215090,0.141001,-0.049241,0.297600,0.283366,0.024680,0.105727,0.042185,-0.049200,-0.098609,-0.302608,0.044659,0.265525,0.180316,0.003038,0.019949,-0.113687,0.116048,0.291759,-0.079336,0.156516,0.080629,0.120190,0.039385,0.354064,0.113706,0.001883,0.098157,0.144795,-0.138418,0.251471,-0.046370,0.281969,0.030671,0.168400,0.329593,0.036661,-0.047995,0.317833,0.068282,-0.124128,-0.031920,0.105531,0.289649,0.104264,0.188622,0.042177,-0.051192,0.058687,0.219522,0.119064
-0.033972,0.006261,0.319199,-0.095839,-0.099787,0.100864,0.269133,-0.132134,0.115083,-0.189704,-0.029519,0.388450,-0.136786,0.272497,-0.326926,-0.083161,0.205523,0.334654,-0.080973,-0.026063,-0.057551,-0.006019,-0.118118,0.114134,0.044209,0.302521,-0.069026,-0.009828,0.181838,-0.185684,0.072662,0.061643,0.077134,-0.021839,-0.221606,0.146809,-0.043559,0.322117,-0.161597,-0.072771,-0.001505,0.452306,0.122386,0.152238,-0.163889,0.113161,0.020082,0.204472,-0.240222,-0.206743,0.135521,-0.038809,0.285157,0.277335,0.027538,0.094427,0.053488,-0.033735,-0.086806,-0.287630,0.038854,0.261716,0.180504,0.010862,0.025524,-0.099318,0.130291,0.282396,-0.069868,0.154937,0.093739,0.129279,0.046054,0.345612,0.106946,0.016195,0.090247,0.144567,-0.124205,0.239633,-0.042166,0.268298,0.026453,0.160745,0.314129,0.035554,-0.045021,0.306411,0.067833,-0.105747,-0.029637,0.094493,0.276464,0.103988,0.180213,0.056507,-0.041771,0.067153,0.210725,0.115359
-0.019904,0.016323,0.306900,-0.079771,-0.092705,0.099710,0.254013,-0.113796,0.100977,-0.171873,-0.017661,0.379530,-0.121841,0.268941,-0.313462,-0.088324,0.197087,0.328113,-0.066369,-0.025596,-0.051245,0.000338,-0.098212,0.100809,0.045191,0.290174,-0.059111,0.008242,0.179901,-0.180610,0.058197,0.067529,0.066413,-0.011295,-0.204538,0.137223,-0.027630,0.319296,-0.142889,-0.058070,0.004060,0.445846,0.119567,0.145901,-0.157127,0.111170,0.018548,0.194289,-0.225272,-0.199113,0.129520,-0.028799,0.273995,0.270764,0.031149,0.084334,0.064059,-0.019636,-0.075847,-0.271680,0.032669,0.258154,0.179577,0.017946,0.031178,-0.086278,0.141645,0.274100,-0.060708,0.153501,0.106103,0.137921,0.051189,0.339673,0.100734,0.029936,0.083299,0.144767,-0.110665,0.226575,-0.038260,0.255793,0.023604,0.153271,0.299093,0.034802,-0.041536,0.297386,0.067071,-0.089731,-0.026614,0.083098,0.263685,0.103182,0.172734,0.069158,-0.034791,0.076006,0.202908,0.111783
-0.006549,0.026151,0.295187,-0.064572,-0.084699,0.099039,0.239679,-0.096888,0.088730,-0.154994,-0.007206,0.370139,-0.107718,0.265952,-0.300999,-0.092377,0.190798,0.322412,-0.052670,-0.026134,-0.044676,0.006172,-0.079772,0.088861,0.046722,0.277976,-0.050202,0.023572,0.178107,-0.175832,0.043477,0.074036,0.056650,-0.002018,-0.187760,0.127621,-0.012029,0.316215,-0.125006,-0.044547,0.010021,0.439635,0.116967,0.139534,-0.151289,0.109491,0.016380,0.185522,-0.211682,-0.192798,0.124535,-0.019210,0.263580,0.264544,0.035037,0.075344,0.073523,-0.008463,-0.065793,-0.256924,0.027017,0.254800,0.178301,0.024407,0.036198,-0.073130,0.151429,0.266842,-0.051687,0.152215,0.117742,0.145805,0.056396,0.333930,0.094870,0.043123,0.077230,0.144287,-0.097941,0.216183,-0.034083,0.244734,0.021145,0.147161,0.284963,0.032688,-0.039490,0.288120,0.068192,-0.074447,-0.024281,0.072674,0.252033,0.102865,0.166027,0.080143,-0.028281,0.083813,0.196376,0.109372
0.005182,0.035114,0.284562,-0.050414,-0.076836,0.098436,0.226781,-0.080910,0.077491,-0.138963,0.001962,0.361346,-0.094437,0.263263,-0.288824,-0.095505,0.184050,0.317418,-0.039048,-0.026560,-0.039250,0.011420,-0.062343,0.078084,0.048712,0.266641,-0.041324,0.037677,0.175785,-0.170476,0.030529,0.078621,0.049199,0.007340,-0.172438,0.119556,0.001888,0.312787,-0.108638,-0.032376,0.015946,0.433640,0.114569,0.133774,-0.145251,0.108429,0.014362,0.177040,-0.198599,-0.185994,0.120121,-0.010035,0.254203,0.259020,0.038798,0.067958,0.082796,0.003423,-0.057007,-0.243247,0.023125,0.251579,0.176792,0.030336,0.041381,-0.061047,0.162211,0.259667,-0.042065,0.151097,0.129658,0.152033,0.059855,0.328405,0.088709,0.055675,0.072076,0.142664,-0.085718,0.206412,-0.029764,0.234963,0.018155,0.140499,0.271881,0.032041,-0.037660,0.279823,0.069224,-0.059823,-0.021911,0.063101,0.240088,0.103193,0.159934,0.089875,-0.021363,0.090144,0.192033,0.106627
0.015731,0.042565,0.274864,-0.037224,-0.068829,0.097774,0.214180,-0.065770,0.067135,-0.122380,0.010023,0.353412,-0.081309,0.260499,-0.278964,-0.098463,0.179844,0.312388,-0.025534,-0.026788,-0.034134,0.017425,-0.046223,0.067914,0.049654,0.256779,-0.033345,0.049670,0.173763,-0.164705,0.019011,0.083370,0.042139,0.015917,-0.157932,0.112864,0.014797,0.308385,-0.093305,-0.020993,0.022125,0.427825,0.112747,0.129104,-0.139537,0.107824,0.013164,0.169447,-0.185875,-0.179642,0.116273,-0.001483,0.244874,0.253245,0.041688,0.060676,0.090725,0.013299,-0.048670,-0.230574,0.019175,0.249082,0.175917,0.035832,0.045668,-0.050034,0.171750,0.253045,-0.033632,0.150658,0.139849,0.158562,0.063228,0.323167,0.083607,0.068065,0.068679,0.142372,-0.074045,0.197441,-0.025590,0.225963,0.015465,0.134361,0.260164,0.030175,-0.035669,0.272672,0.070171,-0.046375,-0.018603,0.054865,0.229884,0.103645,0.154156,0.098452,-0.015387,0.096699,0.188423,0.105235
0.025172,0.049925,0.265942,-0.024872,-0.060654,0.097237,0.203239,-0.052113,0.057468,-0.108111,0.017438,0.345807,-0.069393,0.258930,-0.269026,-0.100812,0.176080,0.308223,-0.012931,-0.026815,-0.028718,0.021918,-0.030907,0.059216,0.050448,0.247677,-0.025697,0.061975,0.171933,-0.158161,0.007528,0.087517,0.035926,0.024643,-0.143816,0.106985,0.026765,0.304729,-0.078206,-0.010867,0.028856,0.422118,0.111176,0.124690,-0.134112,0.107023,0.011793,0.162668,-0.172968,-0.173761,0.112065,0.006784,0.236362,0.248056,0.044419,0.053799,0.098049,0.022392,-0.040570,-0.219454,0.015878,0.246112,0.175546,0.040757,0.050150,-0.039873,0.178987,0.246851,-0.025433,0.149803,0.149603,0.163740,0.067361,0.318697,0.079080,0.079879,0.064943,0.142133,-0.063444,0.188025,-0.021988,0.217074,0.013436,0.129580,0.249224,0.029676,-0.034509,0.266031,0.070018,-0.034061,-0.015566,0.048395,0.219960,0.104919,0.148098,0.106038,-0.010558,0.101350,0.185453,0.103773
0.033748,0.056913,0.258074,-0.013235,-0.052558,0.097079,0.192820,-0.039114,0.048923,-0.093911,0.023782,0.336959,-0.058225,0.257520,-0.259743,-0.102164,0.172152,0.304611,-0.001995,-0.025664,-0.024220,0.026437,-0.016559,0.053170,0.050631,0.238240,-0.018970,0.072928,0.170434,-0.153282,-0.002448,0.091555,0.030618,0.032337,-0.129998,0.101839,0.037239,0.301244,-0.064127,-0.002408,0.034760,0.416558,0.109070,0.120854,-0.127273,0.106409,0.010527,0.156613,-0.161356,-0.169085,0.108481,0.014681,0.228215,0.243185,0.046564,0.048674,0.105296,0.031097,-0.034627,-0.208487,0.012823,0.243508,0.174939,0.045228,0.054783,-0.030611,0.187042,0.241976,-0.017625,0.148904,0.158725,0.169065,0.071143,0.314179,0.075728,0.091148,0.061831,0.142027,-0.053258,0.180090,-0.018077,0.210015,0.012312,0.124853,0.238484,0.029231,-0.033294,0.261161,0.069605,-0.022629,-0.013175,0.041153,0.210586,0.106258,0.143608,0.112935,-0.005350,0.105675,0.180902,0.102242
0.041797,0.063145,0.250375,-0.002598,-0.044280,0.097727,0.182974,-0.027664,0.040247,-0.079509,0.029474,0.329782,-0.047323,0.256271,-0.250469,-0.103150,0.169253,0.301235,0.008259,-0.025489,-0.019999,0.030512,-0.003343,0.045706,0.051822,0.230490,-0.012348,0.082540,0.169919,-0.147918,-0.011584,0.095196,0.024392,0.039716,-0.117069,0.097325,0.048236,0.297723,-0.051269,0.005541,0.041300,0.411146,0.107273,0.117112,-0.121766,0.105948,0.009366,0.151603,-0.150103,-0.163937,0.105960,0.022465,0.219761,0.238874,0.048761,0.044141,0.112059,0.038639,-0.028528,-0.198963,0.009572,0.241094,0.174170,0.049379,0.059218,-0.022553,0.194356,0.236740,-0.010209,0.148095,0.167316,0.173263,0.076098,0.310228,0.072206,0.101919,0.059356,0.142331,-0.043905,0.173050,-0.014201,0.203703,0.011037,0.120732,0.228992,0.028833,-0.032496,0.255941,0.069548,-0.012449,-0.010141,0.035971,0.202191,0.107100,0.139562,0.119028,0.000561,0.109928,0.178371,0.101192
0.048857,0.068868,0.243250,0.007296,-0.035203,0.097369,0.173988,-0.016230,0.031551,-0.066832,0.034306,0.321783,-0.037277,0.253295,-0.243149,-0.103725,0.165322,0.297720,0.018220,-0.025159,-0.016010,0.034187,0.009291,0.039200,0.052879,0.222991,-0.005255,0.092761,0.168616,-0.142176,-0.019119,0.098513,0.020368,0.046682,-0.104793,0.092931,0.058653,0.294208,-0.038368,0.012579,0.047698,0.405870,0.106174,0.114559,-0.116527,0.105618,0.008315,0.146670,-0.139382,-0.159109,0.104291,0.029754,0.212729,0.234556,0.050893,0.039227,0.118160,0.045262,-0.022366,-0.190554,0.007230,0.238903,0.174551,0.052928,0.063686,-0.015206,0.199208,0.231563,-0.003092,0.147684,0.175466,0.177790,0.080771,0.305570,0.068734,0.112182,0.057251,0.141027,-0.035097,0.166393,-0.010559,0.198109,0.009732,0.116654,0.219772,0.028566,-0.031603,0.251430,0.069372,-0.002916,-0.006942,0.030043,0.193944,0.108209,0.135636,0.124201,0.005396,0.114494,0.176030,0.100712
0.055731,0.074524,0.236989,0.016452,-0.026364,0.098050,0.165070,-0.006209,0.023892,-0.054562,0.038614,0.315603,-0.027878,0.252233,-0.235715,-0.104526,0.161930,0.295186,0.027381,-0.023750,-0.011802,0.037016,0.020850,0.033265,0.053788,0.216091,0.001299,0.102277,0.168203,-0.135959,-0.026619,0.101716,0.015498,0.053171,-0.093667,0.089111,0.066744,0.290346,-0.027123,0.019197,0.054232,0.400721,0.104596,0.112258,-0.111658,0.105124,0.007675,0.142239,-0.129019,-0.155065,0.103663,0.036446,0.206649,0.230454,0.052956,0.034823,0.123764,0.052487,-0.017449,-0.183106,0.003872,0.236381,0.174596,0.055996,0.067683,-0.008331,0.205269,0.227540,0.003799,0.147434,0.183277,0.181037,0.084162,0.302153,0.066078,0.121817,0.055776,0.141030,-0.026679,0.159488,-0.007152,0.192368,0.008882,0.112772,0.211237,0.028263,-0.030381,0.247194,0.069630,0.006102,-0.003997,0.024941,0.186236,0.109422,0.131411,0.128977,0.008954,0.117975,0.173222,0.100324
0.061806,0.079742,0.231005,0.025270,-0.019028,0.097932,0.157549,0.003690,0.016739,-0.042977,0.042073,0.309746,-0.019039,0.251608,-0.229495,-0.104336,0.159832,0.292592,0.035586,-0.023290,-0.007592,0.039269,0.031764,0.029905,0.054574,0.209105,0.007379,0.111083,0.167141,-0.130894,-0.033775,0.104495,0.012189,0.059474,-0.083214,0.086413,0.075002,0.286504,-0.016642,0.025064,0.060458,0.395670,0.103806,0.108970,-0.106820,0.105039,0.007118,0.138263,-0.118454,-0.151143,0.102564,0.043357,0.200657,0.226776,0.055426,0.030938,0.128936,0.058099,-0.012838,-0.176330,0.002246,0.234586,0.174342,0.059320,0.071840,-0.001964,0.209749,0.223257,0.010303,0.146598,0.190545,0.184417,0.087851,0.298366,0.063638,0.131174,0.053875,0.141461,-0.018531,0.153763,-0.003553,0.187060,0.008213,0.109072,0.203310,0.027854,-0.029635,0.243488,0.069746,0.014082,-0.001180,0.020120,0.179030,0.111010,0.128201,0.133193,0.012752,0.121832,0.171875,0.099769
0.067494,0.084624,0.225819,0.033477,-0.011804,0.098641,0.150235,0.012513,0.010333,-0.031623,0.045039,0.303866,-0.010543,0.250346,-0.223021,-0.103881,0.157242,0.290745,0.043953,-0.022720,-0.003667,0.041362,0.042022,0.025187,0.054664,0.203590,0.012082,0.119432,0.166750,-0.125665,-0.040281,0.106914,0.009254,0.065334,-0.073240,0.083975,0.082727,0.282082,-0.006122,0.030986,0.066972,0.390711,0.102874,0.106683,-0.101324,0.104889,0.006351,0.134631,-0.108322,-0.146992,0.101760,0.049979,0.195387,0.223242,0.057592,0.028045,0.133119,0.063668,-0.008642,-0.169327,0.000267,0.232882,0.174486,0.061929,0.075501,0.003831,0.215144,0.219405,0.016646,0.146256,0.197413,0.187539,0.090707,0.294309,0.061501,0.139687,0.053092,0.141432,-0.010836,0.147459,-0.000276,0.182325,0.007724,0.105439,0.195936,0.026643,-0.028696,0.240138,0.070839,0.021440,0.000467,0.016025,0.171991,0.111836,0.125549,0.136748,0.016182,0.124645,0.171818,0.099356
0.072824,0.088564,0.221069,0.040794,-0.003592,0.098792,0.144003,0.020800,0.004637,-0.020794,0.047543,0.298676,-0.002664,0.249746,-0.217420,-0.103573,0.155024,0.289141,0.051496,-0.022080,-0.000667,0.043449,0.051649,0.020805,0.055346,0.198235,0.016398,0.126439,0.166726,-0.120424,-0.045381,0.109511,0.006831,0.071016,-0.063476,0.082088,0.090535,0.278858,0.003222,0.035825,0.073311,0.385802,0.102004,0.104498,-0.096820,0.105122,0.006510,0.131985,-0.098669,-0.143799,0.100968,0.056153,0.190152,0.220417,0.060100,0.025270,0.137616,0.069354,-0.004703,-0.163226,-0.001557,0.231125,0.174556,0.064704,0.079205,0.009280,0.218833,0.216300,0.022496,0.145840,0.203982,0.190102,0.093766,0.291910,0.059380,0.147814,0.052472,0.141494,-0.003704,0.142772,0.003129,0.178805,0.007288,0.102536,0.189375,0.025587,-0.028507,0.237416,0.070877,0.028607,0.002912,0.011881,0.164948,0.112770,0.123144,0.139878,0.019573,0.127707,0.171961,0.099079
0.077688,0.092513,0.216523,0.047609,0.003502,0.099031,0.138295,0.028975,-0.000606,-0.010619,0.049681,0.293207,0.004782,0.249083,-0.212361,-0.103040,0.153901,0.287317,0.058345,-0.021332,0.002487,0.045290,0.060959,0.016924,0.055280,0.193191,0.020464,0.132989,0.166475,-0.115046,-0.051173,0.111755,0.005188,0.076275,-0.054164,0.080211,0.097203,0.275712,0.011825,0.040485,0.079556,0.381015,0.100704,0.102686,-0.092464,0.105437,0.006693,0.129140,-0.089461,-0.140121,0.100697,0.062171,0.184378,0.217436,0.062096,0.023039,0.141593,0.074579,-0.001131,-0.157291,-0.003554,0.229631,0.175670,0.067427,0.082658,0.014731,0.223187,0.213772,0.028079,0.145546,0.210095,0.193236,0.096426,0.288476,0.057707,0.155565,0.052477,0.141959,0.002936,0.137409,0.006044,0.175166,0.006694,0.099861,0.183036,0.025341,-0.027733,0.234787,0.070984,0.035034,0.005790,0.008423,0.159128,0.114470,0.121166,0.142812,0.023771,0.130045,0.170522,0.098859
0.081661,0.096097,0.212643,0.053958,0.010298,0.098823,0.132755,0.036835,-0.005476,-0.000750,0.051490,0.288368,0.011851,0.248868,-0.207643,-0.101618,0.153290,0.286174,0.065066,-0.020468,0.005429,0.046738,0.069439,0.015340,0.054381,0.188760,0.024312,0.139929,0.166531,-0.110338,-0.055313,0.114478,0.003415,0.081073,-0.045546,0.078976,0.102070,0.271640,0.019716,0.044726,0.085171,0.376346,0.099498,0.100648,-0.088380,0.105690,0.005713,0.126531,-0.080685,-0.137160,0.100062,0.067944,0.179027,0.214657,0.064023,0.020905,0.146323,0.079355,0.001822,-0.152042,-0.004540,0.228232,0.175378,0.069342,0.086263,0.019913,0.225601,0.212025,0.033724,0.145241,0.216106,0.195839,0.099166,0.286324,0.056733,0.163367,0.052519,0.142431,0.009020,0.133498,0.008853,0.172521,0.006492,0.097243,0.177339,0.025153,-0.027043,0.233325,0.071307,0.040764,0.008466,0.006435,0.153681,0.116231,0.118894,0.145163,0.027688,0.132234,0.171210,0.099086
0.085285,0.099396,0.209088,0.059589,0.017759,0.098651,0.127361,0.043942,-0.009702,0.008413,0.052985,0.283792,0.018559,0.248600,-0.202612,-0.100774,0.152831,0.284734,0.071164,-0.019553,0.008525,0.048269,0.077579,0.012319,0.055053,0.184945,0.027960,0.146376,0.166397,-0.105329,-0.059618,0.116573,0.002494,0.085858,-0.037184,0.077763,0.107975,0.268772,0.027106,0.048763,0.090701,0.371730,0.098407,0.099039,-0.084657,0.106540,0.004851,0.124225,-0.072250,-0.134461,0.100000,0.073096,0.175239,0.212456,0.065544,0.019308,0.149652,0.083737,0.004455,-0.146734,-0.005952,0.226341,0.175314,0.071275,0.089461,0.024666,0.229671,0.210352,0.039037,0.144969,0.221462,0.198032,0.101880,0.283436,0.055529,0.170742,0.053006,0.142450,0.014989,0.128954,0.011860,0.169972,0.006150,0.095026,0.172160,0.025266,-0.026250,0.231519,0.071581,0.046335,0.010755,0.003357,0.147877,0.117325,0.116838,0.147487,0.030940,0.134832,0.172355,0.098946
0.088832,0.102548,0.205736,0.065623,0.024909,0.098946,0.123194,0.050588,-0.013631,0.017154,0.054361,0.279493,0.024866,0.248575,-0.197831,-0.099897,0.152517,0.284048,0.077559,-0.018713,0.011432,0.049343,0.085117,0.009670,0.054258,0.181223,0.031417,0.152007,0.166448,-0.100659,-0.063910,0.118438,0.001938,0.090315,-0.029087,0.076407,0.113639,0.265576,0.034495,0.052019,0.096134,0.367239,0.097661,0.097400,-0.081107,0.107261,0.004708,0.122542,-0.064484,-0.131894,0.100880,0.078429,0.171245,0.210074,0.067256,0.017987,0.153719,0.087504,0.007269,-0.141374,-0.008033,0.225417,0.175166,0.072955,0.092423,0.028536,0.233078,0.207946,0.044195,0.144753,0.226165,0.200077,0.104485,0.281910,0.054412,0.177831,0.053397,0.142541,0.020391,0.124821,0.014791,0.167416,0.006494,0.092917,0.167257,0.025174,-0.026291,0.230464,0.071988,0.051481,0.013657,0.001026,0.142472,0.119254,0.114547,0.149302,0.033507,0.137262,0.173612,0.099057
0.091925,0.104887,0.202631,0.071248,0.030897,0.098976,0.119365,0.057101,-0.018146,0.025672,0.055606,0.274881,0.030799,0.248328,-0.193968,-0.098761,0.152106,0.282737,0.082987,-0.017697,0.013536,0.049956,0.092353,0.007514,0.053575,0.177556,0.034716,0.157703,0.166043,-0.096452,-0.067458,0.120020,0.001579,0.094761,-0.021545,0.075306,0.119374,0.261984,0.041080,0.055246,0.101466,0.362843,0.097273,0.095962,-0.076749,0.107692,0.004401,0.120836,-0.057074,-0.129100,0.101110,0.083602,0.167447,0.207883,0.068935,0.017128,0.156216,0.090991,0.009822,-0.136086,-0.009919,0.224563,0.175202,0.074525,0.095542,0.032550,0.235408,0.206731,0.048842,0.144438,0.231214,0.201987,0.107107,0.279466,0.053564,0.184546,0.053632,0.142683,0.025492,0.122401,0.017639,0.165184,0.006941,0.091002,0.162579,0.024536,-0.025506,0.229060,0.072208,0.056064,0.016484,-0.001310,0.138441,0.120978,0.113244,0.150983,0.036070,0.139461,0.173768,0.099244
0.095088,0.107050,0.200118,0.076337,0.036758,0.098864,0.115890,0.063186,-0.022295,0.033743,0.056398,0.271168,0.036409,0.246896,-0.190328,-0.097076,0.151851,0.282424,0.088243,-0.015939,0.015767,0.051152,0.098981,0.005378,0.053574,0.174328,0.037796,0.162203,0.166277,-0.092724,-0.070748,0.122196,0.001140,0.098873,-0.014171,0.075073,0.124534,0.258603,0.047601,0.058522,0.106998,0.358512,0.096680,0.096027,-0.073179,0.108121,0.004124,0.119019,-0.049832,-0.126436,0.101681,0.088372,0.163983,0.206501,0.070069,0.016494,0.158861,0.093424,0.011777,-0.131838,-0.011095,0.223383,0.175727,0.076403,0.098295,0.035613,0.237578,0.205659,0.053608,0.144167,0.235732,0.204274,0.108760,0.278397,0.052689,0.190572,0.054386,0.142808,0.030531,0.119842,0.020165,0.163718,0.006807,0.089014,0.158492,0.024632,-0.025571,0.228331,0.073154,0.060165,0.018703,-0.003279,0.134327,0.122866,0.111730,0.152457,0.038054,0.141366,0.175077,0.099454
0.097801,0.109922,0.197794,0.081121,0.042394,0.098953,0.112763,0.068541,-0.025727,0.041451,0.057134,0.267221,0.041702,0.245658,-0.186258,-0.095720,0.151914,0.282234,0.093229,-0.014889,0.017757,0.052220,0.105505,0.003922,0.053691,0.171008,0.040674,0.165910,0.166471,-0.088124,-0.073657,0.123559,0.000412,0.103222,-0.007362,0.074999,0.129532,0.255439,0.053565,0.061316,0.112232,0.354255,0.096149,0.094680,-0.069967,0.109216,0.003916,0.117356,-0.042810,-0.123889,0.102856,0.093164,0.161187,0.204957,0.071215,0.015484,0.161407,0.096211,0.013838,-0.127397,-0.012162,0.221858,0.176029,0.078120,0.101169,0.038432,0.240273,0.204764,0.058119,0.143891,0.240373,0.205879,0.110389,0.277128,0.052132,0.196346,0.055289,0.143118,0.035049,0.117399,0.022524,0.162456,0.007350,0.087215,0.154575,0.024718,-0.025214,0.227015,0.073580,0.064192,0.020853,-0.004793,0.130921,0.123800,0.110376,0.153681,0.040417,0.142080,0.174587,0.099750
0.099800,0.111932,0.195499,0.085215,0.047899,0.099328,0.110223,0.073777,-0.028976,0.049242,0.057800,0.263962,0.046621,0.245768,-0.182504,-0.094289,0.152055,0.282017,0.098433,-0.013144,0.020079,0.053196,0.111653,0.002260,0.054589,0.168013,0.043382,0.170705,0.165079,-0.084643,-0.076816,0.124601,0.000038,0.107325,-0.000433,0.075060,0.132292,0.252983,0.059079,0.063490,0.117486,0.350081,0.095824,0.094015,-0.066644,0.109960,0.004060,0.115890,-0.036428,-0.121809,0.104037,0.097551,0.158310,0.203525,0.072369,0.014681,0.163771,0.098829,0.015821,-0.123258,-0.013480,0.221297,0.176543,0.079080,0.103889,0.041713,0.243171,0.203997,0.062435,0.143688,0.244365,0.207377,0.112987,0.275965,0.052172,0.202278,0.056131,0.143661,0.039345,0.114421,0.025132,0.161227,0.007316,0.085948,0.150757,0.025118,-0.025403,0.225885,0.074016,0.068296,0.023017,-0.006577,0.127420,0.124927,0.109516,0.154855,0.042588,0.143464,0.175391,0.100151
0.101704,0.114208,0.193412,0.088994,0.052982,0.099447,0.107687,0.078479,-0.031006,0.056648,0.058111,0.260726,0.051263,0.245783,-0.178968,-0.092363,0.152131,0.281428,0.102946,-0.012259,0.022259,0.053888,0.117388,0.001005,0.055476,0.165894,0.045726,0.174594,0.164968,-0.080101,-0.079351,0.125597,-0.000200,0.110787,0.005788,0.075160,0.134913,0.251135,0.064285,0.065690,0.122428,0.346027,0.095687,0.093161,-0.062994,0.110993,0.003974,0.114672,-0.030327,-0.119763,0.104700,0.101768,0.155405,0.202010,0.074168,0.014207,0.165857,0.101522,0.017536,-0.119884,-0.014214,0.220193,0.176638,0.080588,0.106558,0.044761,0.245419,0.202426,0.066478,0.143581,0.248448,0.208525,0.115216,0.274159,0.052045,0.207943,0.057091,0.143896,0.043660,0.112672,0.027107,0.160342,0.007795,0.084402,0.147385,0.024738,-0.025190,0.225579,0.074477,0.071534,0.025633,-0.006878,0.124481,0.126319,0.108834,0.156038,0.045426,0.145308,0.176319,0.100604
0.103876,0.116339,0.191564,0.092880,0.057890,0.099408,0.105387,0.083294,-0.032870,0.063421,0.058320,0.256794,0.055847,0.246154,-0.175642,-0.090454,0.151801,0.281618,0.107172,-0.011211,0.024301,0.055151,0.122799,0.000178,0.056147,0.164181,0.048198,0.177545,0.165279,-0.075756,-0.081629,0.126872,0.000020,0.114073,0.011931,0.075461,0.138656,0.249419,0.069173,0.068175,0.127335,0.342125,0.095300,0.092452,-0.059968,0.111785,0.004790,0.113615,-0.024678,-0.117800,0.105582,0.105991,0.152920,0.200543,0.075901,0.014309,0.167525,0.103964,0.018857,-0.116180,-0.014863,0.218990,0.176833,0.081608,0.108902,0.047696,0.247264,0.202120,0.070428,0.143401,0.252225,0.210104,0.117373,0.273202,0.052023,0.212927,0.058802,0.144151,0.047682,0.111266,0.029610,0.159159,0.008192,0.083093,0.144334,0.025252,-0.024793,0.224789,0.075398,0.075152,0.028530,-0.007960,0.121725,0.127526,0.108165,0.156852,0.047045,0.146463,0.177340,0.100936
0.105554,0.118423,0.189951,0.096279,0.062887,0.099393,0.103199,0.087553,-0.035717,0.069517,0.058455,0.253911,0.060185,0.245338,-0.172914,-0.088537,0.151631,0.281853,0.111654,-0.010116,0.026215,0.055903,0.127836,-0.000723,0.056157,0.162706,0.050555,0.180353,0.165602,-0.071934,-0.083482,0.128666,0.000649,0.117005,0.017931,0.075860,0.142831,0.247784,0.073865,0.070270,0.132105,0.338372,0.095496,0.091629,-0.057619,0.112660,0.004302,0.112649,-0.019097,-0.115929,0.106357,0.109623,0.150484,0.199471,0.077529,0.014276,0.169291,0.106315,0.020351,-0.112694,-0.014744,0.218343,0.176644,0.082593,0.111153,0.049833,0.248671,0.201079,0.074075,0.143498,0.255718,0.211599,0.120112,0.272634,0.052033,0.217693,0.060203,0.144367,0.051565,0.109711,0.032035,0.158713,0.008738,0.082139,0.141508,0.025612,-0.024246,0.224682,0.075930,0.078187,0.030514,-0.009291,0.118129,0.129167,0.107634,0.157825,0.048588,0.147237,0.178929,0.101323
0.107677,0.120366,0.188715,0.099879,0.067863,0.099844,0.101407,0.091572,-0.038303,0.075103,0.058723,0.250854,0.064066,0.246122,-0.170366,-0.086616,0.152208,0.281911,0.115489,-0.009047,0.027419,0.056598,0.132721,-0.001429,0.056185,0.161455,0.053524,0.184367,0.165410,-0.069030,-0.085639,0.129846,0.001272,0.120097,0.023333,0.076365,0.146307,0.246273,0.078244,0.072218,0.136726,0.334764,0.095200,0.092277,-0.054396,0.113497,0.004358,0.112256,-0.013930,-0.113782,0.107806,0.113526,0.148229,0.198328,0.078576,0.014344,0.171020,0.108596,0.021442,-0.108675,-0.015789,0.217867,0.177194,0.083513,0.113548,0.051949,0.250338,0.200999,0.077682,0.143629,0.259223,0.213021,0.122083,0.271813,0.052098,0.222246,0.061495,0.144614,0.054954,0.108650,0.034376,0.158312,0.009316,0.081520,0.138917,0.026139,-0.023858,0.223943,0.076402,0.081276,0.032903,-0.010230,0.115567,0.130769,0.106806,0.158714,0.050400,0.148890,0.180708,0.101944
0.109496,0.122121,0.187418,0.103085,0.073000,0.100349,0.099793,0.095636,-0.040444,0.081273,0.058761,0.248366,0.067912,0.245689,-0.167859,-0.084555,0.152269,0.281625,0.118970,-0.007908,0.029189,0.057245,0.137340,-0.002274,0.056259,0.160319,0.055525,0.188087,0.165887,-0.066042,-0.086450,0.130974,0.001692,0.123341,0.028471,0.076237,0.149356,0.243893,0.082358,0.074103,0.141282,0.331298,0.095238,0.091582,-0.052049,0.114353,0.004166,0.112177,-0.008927,-0.111724,0.109257,0.116859,0.146065,0.197820,0.080110,0.015035,0.172701,0.110645,0.022757,-0.105996,-0.016135,0.217352,0.178249,0.084377,0.115938,0.053930,0.250753,0.200161,0.080694,0.143807,0.262323,0.214642,0.123970,0.271294,0.052224,0.227037,0.062688,0.144981,0.058152,0.107607,0.036606,0.158469,0.009756,0.080703,0.136546,0.026746,-0.023624,0.223472,0.077307,0.084033,0.034924,-0.011125,0.113207,0.131957,0.105798,0.159523,0.052209,0.150326,0.180738,0.102411
0.111175,0.123084,0.186342,0.105697,0.077552,0.100786,0.098620,0.099026,-0.042218,0.086961,0.058922,0.246124,0.071557,0.245957,-0.165527,-0.082450,0.152887,0.282138,0.122267,-0.006790,0.030239,0.057730,0.141715,-0.002513,0.056366,0.158889,0.058196,0.191537,0.164880,-0.062425,-0.088247,0.132009,0.002182,0.125826,0.033270,0.076846,0.150972,0.242160,0.086267,0.075769,0.145586,0.327912,0.095621,0.091335,-0.049939,0.115240,0.003874,0.112078,-0.003921,-0.109741,0.110397,0.120064,0.144505,0.197099,0.081198,0.016065,0.174944,0.112540,0.023726,-0.103442,-0.017014,0.217193,0.178556,0.085420,0.118196,0.056101,0.252487,0.199813,0.083845,0.143796,0.265419,0.215929,0.125741,0.270121,0.052380,0.231154,0.064720,0.145485,0.061430,0.106834,0.038408,0.158035,0.010377,0.079863,0.134171,0.027365,-0.023371,0.222951,0.077806,0.086535,0.037202,-0.011925,0.111337,0.133339,0.105638,0.160094,0.053514,0.151685,0.182897,0.103361
0.112080,0.124789,0.185294,0.108321,0.081489,0.100946,0.097368,0.102650,-0.043813,0.092159,0.058878,0.243750,0.075020,0.246734,-0.163227,-0.080399,0.153620,0.282068,0.125588,-0.005831,0.031484,0.057779,0.145890,-0.002659,0.056506,0.157267,0.059926,0.194167,0.163999,-0.059281,-0.089276,0.133148,0.002214,0.128815,0.038242,0.077509,0.152827,0.240574,0.089707,0.077306,0.149867,0.324641,0.096166,0.091826,-0.047985,0.116136,0.004216,0.112154,0.000846,-0.108455,0.111857,0.123373,0.142600,0.196271,0.082286,0.016302,0.175722,0.114297,0.024901,-0.100354,-0.017241,0.216776,0.178697,0.086170,0.120073,0.058172,0.252800,0.199179,0.086779,0.143809,0.268288,0.217118,0.127450,0.269829,0.052439,0.235511,0.065938,0.145997,0.064461,0.105858,0.040548,0.157878,0.010936,0.079018,0.132198,0.027826,-0.023090,0.222840,0.078185,0.088691,0.039723,-0.012485,0.109334,0.134779,0.105092,0.160753,0.054810,0.152197,0.184142,0.103589
0.112914,0.126030,0.184630,0.111154,0.085497,0.100931,0.096315,0.106071,-0.045423,0.096975,0.058809,0.241021,0.078293,0.246961,-0.159174,-0.078523,0.153902,0.282693,0.128599,-0.004851,0.033036,0.058364,0.149699,-0.002940,0.056635,0.156186,0.061303,0.197244,0.164092,-0.056470,-0.090414,0.134114,0.003137,0.131358,0.042780,0.078125,0.155551,0.238678,0.093399,0.078522,0.153773,0.321485,0.096143,0.091654,-0.046046,0.117080,0.004018,0.111651,0.005390,-0.106533,0.112594,0.126730,0.140262,0.195732,0.083317,0.016951,0.177131,0.116134,0.026041,-0.097759,-0.017169,0.215978,0.179658,0.086874,0.121892,0.059346,0.254898,0.199039,0.089778,0.143893,0.271249,0.217791,0.128428,0.269304,0.052695,0.239657,0.067450,0.146314,0.067334,0.104843,0.042202,0.157337,0.011647,0.078379,0.130435,0.027698,-0.023141,0.222583,0.078649,0.091260,0.041217,-0.012744,0.107609,0.135825,0.105074,0.161176,0.056578,0.153640,0.185975,0.104330
0.114408,0.126750,0.184067,0.113570,0.089133,0.101269,0.095589,0.109012,-0.046711,0.101333,0.058862,0.238822,0.081381,0.247317,-0.155376,-0.076999,0.154256,0.283077,0.132053,-0.003868,0.033894,0.058841,0.153383,-0.003207,0.056853,0.155442,0.062907,0.200184,0.164364,-0.053968,-0.091267,0.135558,0.004179,0.133646,0.047756,0.078950,0.158769,0.237884,0.096438,0.079950,0.157999,0.318419,0.096281,0.091218,-0.044177,0.118033,0.004120,0.111670,0.009472,-0.105104,0.114261,0.129963,0.138723,0.195082,0.085196,0.017603,0.178119,0.117873,0.027066,-0.095519,-0.017475,0.215497,0.179400,0.087641,0.124136,0.061210,0.256275,0.199193,0.092427,0.143959,0.273591,0.218911,0.129927,0.268832,0.052783,0.243181,0.068892,0.146859,0.070049,0.103988,0.043449,0.157148,0.012252,0.077920,0.128703,0.028449,-0.023036,0.222838,0.079155,0.093514,0.043280,-0.012931,0.106173,0.137420,0.104662,0.161564,0.057740,0.155029,0.187784,0.104927
0.115384,0.128075,0.183587,0.115668,0.093323,0.101713,0.094764,0.112072,-0.047657,0.106144,0.058737,0.236444,0.084309,0.248176,-0.152388,-0.074954,0.155132,0.283261,0.134896,-0.002708,0.034890,0.059753,0.156955,-0.003702,0.057157,0.155167,0.064140,0.202776,0.163652,-0.050595,-0.092182,0.136933,0.004319,0.135637,0.052062,0.079808,0.161804,0.236227,0.099608,0.081225,0.162083,0.315505,0.096170,0.091316,-0.042428,0.118943,0.004057,0.111755,0.013374,-0.103342,0.115253,0.132607,0.137235,0.194991,0.086415,0.018345,0.179398,0.118435,0.027733,-0.092865,-0.017717,0.215092,0.179585,0.088510,0.126125,0.062564,0.258274,0.198780,0.094736,0.144228,0.276297,0.220011,0.131586,0.268659,0.053167,0.246974,0.070952,0.147679,0.072449,0.103432,0.045005,0.157327,0.012922,0.077804,0.127266,0.029099,-0.022744,0.223136,0.079676,0.095650,0.045332,-0.013263,0.104620,0.138561,0.104794,0.161869,0.059382,0.155898,0.189053,0.105974
0.115969,0.128690,0.183243,0.117303,0.096638,0.102243,0.093910,0.114489,-0.049030,0.110104,0.058776,0.234251,0.087094,0.249035,-0.150402,-0.073450,0.155981,0.283500,0.137635,-0.000983,0.035902,0.059715,0.160341,-0.003796,0.057962,0.154974,0.066405,0.204095,0.163047,-0.048079,-0.093260,0.137443,0.004652,0.137791,0.055920,0.080687,0.164048,0.235136,0.102486,0.082432,0.165719,0.312678,0.095771,0.091395,-0.040118,0.120228,0.005404,0.111516,0.017338,-0.101648,0.115557,0.135383,0.135902,0.194341,0.087915,0.019272,0.180265,0.119947,0.027855,-0.091027,-0.017767,0.214981,0.180511,0.089370,0.128066,0.064226,0.258262,0.198760,0.097287,0.144285,0.278701,0.221071,0.132451,0.268286,0.053223,0.250584,0.072457,0.148028,0.074714,0.103213,0.046517,0.157273,0.013607,0.077388,0.125330,0.029760,-0.022571,0.222897,0.080169,0.097305,0.047032,-0.013674,0.102384,0.139875,0.104950,0.162370,0.060392,0.157232,0.191162,0.106521
0.116608,0.129747,0.182982,0.119192,0.100205,0.102764,0.093551,0.116965,-0.049420,0.114412,0.058634,0.233040,0.089756,0.249712,-0.148429,-0.071989,0.156461,0.284285,0.139649,0.000172,0.036874,0.060205,0.163215,-0.004025,0.058966,0.154738,0.067467,0.207221,0.163924,-0.045651,-0.093756,0.138365,0.005434,0.140057,0.059907,0.081429,0.166306,0.234671,0.105497,0.083597,0.169102,0.309970,0.095770,0.091133,-0.038369,0.120854,0.006140,0.112331,0.021106,-0.100470,0.116737,0.138259,0.135010,0.194148,0.089319,0.020083,0.181428,0.121367,0.028730,-0.088929,-0.017158,0.214484,0.181366,0.090192,0.129906,0.065411,0.259539,0.198269,0.099883,0.144373,0.280291,0.221863,0.133823,0.268188,0.053645,0.254040,0.074177,0.148615,0.077032,0.102836,0.048428,0.157335,0.013866,0.077418,0.124134,0.029750,-0.021256,0.222741,0.080825,0.099220,0.048684,-0.013629,0.101167,0.140998,0.105159,0.162824,0.061848,0.158351,0.192739,0.106860
0.117219,0.130879,0.182549,0.120994,0.103625,0.102924,0.093031,0.119601,-0.050053,0.118257,0.058573,0.231927,0.092275,0.250392,-0.145200,-0.070077,0.157378,0.284291,0.142615,0.001824,0.038212,0.060630,0.165954,-0.003903,0.058653,0.154192,0.068510,0.209665,0.164752,-0.042811,-0.094165,0.139669,0.005923,0.141766,0.064063,0.082301,0.167366,0.234267,0.108200,0.084662,0.172404,0.307411,0.095962,0.091119,-0.035988,0.121744,0.006049,0.112434,0.024543,-0.098817,0.118289,0.141007,0.133870,0.193645,0.090686,0.020464,0.182541,0.122738,0.029334,-0.086931,-0.017322,0.214068,0.181444,0.090685,0.131466,0.066539,0.261266,0.198788,0.102378,0.144531,0.282697,0.222389,0.135381,0.267483,0.054056,0.257333,0.076153,0.149208,0.079293,0.102552,0.050270,0.157292,0.014627,0.077281,0.123053,0.029810,-0.021205,0.222765,0.081385,0.101224,0.050853,-0.013409,0.100286,0.142514,0.104929,0.163121,0.063255,0.158954,0.193613,0.107810
0.117906,0.131966,0.182419,0.123089,0.106668,0.103356,0.092005,0.121617,-0.050595,0.122200,0.058444,0.230893,0.094372,0.250703,-0.143498,-0.068642,0.158311,0.284603,0.144985,0.002676,0.039475,0.061114,0.168552,-0.003720,0.058984,0.153887,0.069847,0.211886,0.165541,-0.040850,-0.094683,0.140411,0.006673,0.143660,0.067230,0.083185,0.169504,0.233877,0.110724,0.085128,0.175699,0.304994,0.096062,0.091369,-0.033965,0.122704,0.006298,0.112582,0.027991,-0.097755,0.119262,0.143678,0.133167,0.193599,0.091788,0.021314,0.183592,0.124035,0.029924,-0.084903,-0.017433,0.213726,0.181153,0.091379,0.133215,0.068079,0.263000,0.198619,0.104918,0.144963,0.284854,0.223635,0.136136,0.266817,0.054482,0.260531,0.077506,0.149578,0.081212,0.102589,0.051711,0.157154,0.015606,0.076907,0.122085,0.030602,-0.020750,0.222704,0.082312,0.102970,0.052400,-0.013552,0.098445,0.143181,0.105240,0.163425,0.064453,0.160107,0.194894,0.108110
0.119042,0.132407,0.182147,0.124748,0.109423,0.103324,0.091574,0.123739,-0.050405,0.125708,0.058388,0.229856,0.096652,0.251427,-0.142298,-0.066653,0.159225,0.285397,0.147235,0.004272,0.040172,0.061585,0.171280,-0.003747,0.059222,0.153796,0.071126,0.213958,0.164939,-0.038947,-0.094923,0.141117,0.006926,0.145670,0.070449,0.083984,0.171355,0.233052,0.112900,0.086244,0.178751,0.302712,0.096925,0.091683,-0.031807,0.123667,0.006979,0.112776,0.031200,-0.096305,0.120801,0.146017,0.132143,0.193397,0.093176,0.021613,0.184591,0.125270,0.029991,-0.083368,-0.017498,0.213940,0.181296,0.092024,0.134581,0.069003,0.263986,0.198755,0.106718,0.145242,0.286573,0.224038,0.137513,0.267013,0.054840,0.263529,0.079062,0.149979,0.083048,0.102440,0.053107,0.157359,0.016252,0.077096,0.121483,0.031493,-0.019625,0.222816,0.082802,0.104681,0.053841,-0.013465,0.096774,0.144431,0.105493,0.163729,0.065804,0.161133,0.196180,0.108489
0.119871,0.133442,0.181992,0.126079,0.112196,0.103668,0.091615,0.125747,-0.051209,0.129460,0.058297,0.229044,0.098826,0.252468,-0.139928,-0.065358,0.159814,0.285768,0.149441,0.005816,0.040933,0.061594,0.173872,-0.003386,0.060010,0.153830,0.072046,0.215981,0.165786,-0.037112,-0.095291,0.141835,0.007795,0.147577,0.073651,0.084944,0.173218,0.232310,0.115212,0.087149,0.181936,0.300529,0.097041,0.091943,-0.029640,0.124758,0.007660,0.113724,0.034178,-0.095320,0.121844,0.148053,0.131256,0.193654,0.094224,0.022225,0.185467,0.125456,0.030823,-0.081781,-0.017149,0.213694,0.181596,0.092658,0.135951,0.070334,0.265453,0.199526,0.108942,0.145590,0.288695,0.224953,0.138995,0.267123,0.055384,0.266443,0.080590,0.150399,0.085138,0.102352,0.054795,0.157428,0.017213,0.077306,0.120795,0.032017,-0.019025,0.223395,0.083385,0.106196,0.055864,-0.013599,0.096173,0.145555,0.105771,0.163965,0.067078,0.161659,0.197910,0.109593
0.120221,0.134441,0.182066,0.127358,0.115116,0.104160,0.091331,0.127656,-0.051052,0.133051,0.058227,0.227776,0.100901,0.253303,-0.138935,-0.063967,0.160449,0.286590,0.151499,0.006784,0.041457,0.062475,0.176337,-0.003215,0.061096,0.153982,0.073281,0.216578,0.166019,-0.034580,-0.094750,0.142515,0.007669,0.148916,0.076872,0.086113,0.174904,0.232185,0.116887,0.088159,0.184766,0.298443,0.097377,0.092147,-0.028781,0.125998,0.007946,0.114244,0.036982,-0.093880,0.123353,0.150039,0.130465,0.193534,0.095557,0.023252,0.186245,0.126659,0.031619,-0.079380,-0.017169,0.214305,0.181729,0.093421,0.137338,0.071597,0.266485,0.200169,0.111226,0.145767,0.290714,0.225918,0.139634,0.267057,0.055913,0.269187,0.081695,0.151241,0.086924,0.102809,0.056423,0.157957,0.017467,0.077288,0.119519,0.032556,-0.017666,0.224037,0.084096,0.107816,0.056539,-0.013563,0.094724,0.146626,0.106062,0.164435,0.067862,0.162368,0.199496,0.110533
0.121240,0.135541,0.181994,0.128900,0.117523,0.104515,0.091130,0.129763,-0.051349,0.136354,0.058112,0.226621,0.102848,0.253027,-0.137961,-0.062250,0.161390,0.286693,0.153501,0.007800,0.042198,0.062813,0.178604,-0.003270,0.061380,0.153755,0.074476,0.217670,0.166432,-0.032069,-0.094195,0.143209,0.008230,0.150554,0.079878,0.087048,0.175614,0.232061,0.119009,0.089121,0.187495,0.296486,0.097522,0.092524,-0.027783,0.126563,0.008264,0.114586,0.039707,-0.092939,0.124642,0.152167,0.129881,0.193668,0.097117,0.023892,0.186807,0.127819,0.032458,-0.077818,-0.017141,0.214605,0.182050,0.094126,0.138597,0.072864,0.267821,0.200815,0.113590,0.145999,0.292637,0.226611,0.141036,0.266650,0.056459,0.271811,0.083229,0.151767,0.088605,0.102815,0.057521,0.158116,0.018239,0.077212,0.118895,0.033112,-0.016998,0.224378,0.084624,0.108909,0.058498,-0.013578,0.094159,0.148260,0.106410,0.164687,0.068761,0.163591,0.200339,0.111103
0.121740,0.136585,0.182030,0.130548,0.120210,0.104871,0.091381,0.131259,-0.050915,0.139602,0.058083,0.225293,0.104716,0.252797,-0.135206,-0.061020,0.162334,0.286907,0.155304,0.008814,0.042810,0.063120,0.180773,-0.002872,0.062373,0.153596,0.075272,0.219591,0.165911,-0.030060,-0.093639,0.143865,0.009578,0.152041,0.082897,0.087944,0.176057,0.231483,0.121085,0.089936,0.190141,0.294650,0.098410,0.093648,-0.026618,0.127460,0.009707,0.114518,0.042319,-0.091666,0.126073,0.153980,0.129220,0.193515,0.098390,0.024863,0.187457,0.128942,0.032949,-0.075612,-0.017065,0.214651,0.182880,0.094718,0.139920,0.073557,0.268583,0.201456,0.114959,0.146376,0.294413,0.227298,0.142250,0.266210,0.056906,0.274325,0.085034,0.152572,0.090209,0.103172,0.058596,0.158215,0.018798,0.077253,0.118408,0.033282,-0.016615,0.224737,0.084877,0.110387,0.059826,-0.013184,0.093999,0.149600,0.106813,0.165153,0.070465,0.163721,0.202006,0.111419
0.122669,0.137557,0.182021,0.131790,0.122414,0.104912,0.090846,0.133095,-0.051149,0.142616,0.057996,0.224740,0.106500,0.253221,-0.134333,-0.059356,0.163279,0.287334,0.157162,0.010282,0.043512,0.063948,0.182841,-0.002707,0.062631,0.153165,0.076062,0.220600,0.166751,-0.027775,-0.093812,0.144536,0.009521,0.153204,0.085631,0.088744,0.177658,0.231522,0.122822,0.090868,0.193165,0.292899,0.098789,0.094558,-0.024742,0.128656,0.011109,0.114514,0.045193,-0.090445,0.126330,0.156159,0.128619,0.193710,0.099869,0.025966,0.188077,0.130021,0.033757,-0.073528,-0.016195,0.214530,0.182644,0.095383,0.141470,0.074737,0.269821,0.201202,0.116634,0.146727,0.296045,0.228405,0.143574,0.266609,0.056851,0.276769,0.086074,0.153376,0.091751,0.102657,0.059235,0.158501,0.019617,0.077576,0.118129,0.034226,-0.015274,0.224757,0.085583,0.111809,0.061139,-0.011969,0.093551,0.150555,0.107259,0.165384,0.071284,0.164950,0.203632,0.112376
0.123550,0.138158,0.182293,0.133345,0.124675,0.105308,0.091044,0.134444,-0.051813,0.144962,0.058001,0.224380,0.108204,0.254235,-0.131753,-0.058169,0.164227,0.288107,0.158687,0.011257,0.044196,0.064258,0.184613,-0.001286,0.062411,0.153231,0.076831,0.221587,0.167046,-0.026421,-0.093204,0.145174,0.011024,0.154904,0.088243,0.088960,0.178057,0.231593,0.124488,0.091690,0.195583,0.291265,0.099176,0.094784,-0.023902,0.129187,0.011345,0.114618,0.047562,-0.089642,0.127148,0.158060,0.128423,0.193926,0.100962,0.027377,0.188845,0.131168,0.034545,-0.072571,-0.015916,0.214863,0.183117,0.095932,0.142618,0.075168,0.269259,0.201213,0.118485,0.146932,0.297706,0.229044,0.144503,0.267014,0.057395,0.279109,0.087443,0.152907,0.093077,0.102704,0.060610,0.158677,0.020347,0.077461,0.117795,0.035161,-0.014771,0.224990,0.085861,0.113202,0.062734,-0.011603,0.093464,0.151822,0.107219,0.165841,0.072367,0.165535,0.205200,0.113311
0.123947,0.138354,0.182364,0.134554,0.126934,0.105987,0.091267,0.136138,-0.052111,0.147727,0.058069,0.223962,0.109833,0.255220,-0.131079,-0.056439,0.165163,0.288288,0.160363,0.012221,0.044758,0.064439,0.186311,-0.001327,0.062781,0.153343,0.078043,0.223734,0.167499,-0.024566,-0.093337,0.145846,0.012460,0.156284,0.090595,0.090181,0.180294,0.230817,0.126300,0.092473,0.198185,0.289743,0.099636,0.095037,-0.022312,0.130247,0.011329,0.115135,0.050000,-0.088386,0.128062,0.160097,0.128073,0.194082,0.102010,0.028729,0.188945,0.132160,0.034521,-0.071476,-0.014868,0.215178,0.182915,0.096096,0.143734,0.075596,0.269729,0.201699,0.120262,0.147462,0.299194,0.229674,0.145765,0.267276,0.057388,0.281342,0.088894,0.153821,0.094200,0.102803,0.061597,0.159229,0.021008,0.077874,0.116950,0.035979,-0.014495,0.225776,0.086163,0.114542,0.064224,-0.011332,0.093128,0.152862,0.107658,0.166107,0.073314,0.166121,0.206707,0.114062
0.124244,0.139197,0.182507,0.135377,0.129224,0.106357,0.091534,0.137842,-0.052259,0.150458,0.058096,0.223330,0.111390,0.255051,-0.130328,-0.055191,0.166067,0.289336,0.161967,0.012921,0.045198,0.065241,0.188300,-0.001143,0.063587,0.153431,0.079837,0.224033,0.168362,-0.022473,-0.093322,0.146503,0.012941,0.157768,0.092652,0.091381,0.182403,0.231030,0.127493,0.092893,0.200502,0.288273,0.100558,0.095310,-0.021445,0.131109,0.011922,0.115549,0.052532,-0.087282,0.129842,0.161850,0.127755,0.194074,0.102602,0.029718,0.189689,0.133163,0.035171,-0.070570,-0.014428,0.215510,0.182755,0.096505,0.144918,0.076888,0.271100,0.202589,0.122271,0.148001,0.300707,0.230444,0.146207,0.267392,0.057749,0.283473,0.090211,0.154655,0.095419,0.102940,0.062513,0.159679,0.021545,0.078142,0.116557,0.036943,-0.013454,0.226008,0.086953,0.115871,0.065447,-0.011296,0.092975,0.153504,0.107681,0.166355,0.073880,0.167335,0.208152,0.114342
0.124762,0.139754,0.183121,0.136177,0.131120,0.106428,0.091908,0.139243,-0.052591,0.153050,0.058145,0.223095,0.112859,0.256119,-0.128415,-0.053520,0.166939,0.290001,0.163510,0.014332,0.046308,0.065409,0.190051,-0.001084,0.063915,0.153243,0.081511,0.225570,0.169121,-0.020356,-0.093457,0.147163,0.013871,0.158961,0.094631,0.092185,0.182579,0.231224,0.129230,0.093546,0.202694,0.286913,0.100366,0.095694,-0.020524,0.131715,0.012639,0.116290,0.054579,-0.086615,0.130704,0.163292,0.127314,0.194299,0.103210,0.030555,0.190181,0.133083,0.035959,-0.069124,-0.013972,0.215870,0.183163,0.096690,0.146083,0.077040,0.271766,0.203354,0.123363,0.148243,0.301237,0.230714,0.147101,0.267571,0.058327,0.285518,0.091463,0.155075,0.096715,0.103505,0.063010,0.160437,0.022094,0.078119,0.116413,0.037747,-0.013463,0.226310,0.087709,0.116864,0.066389,-0.010859,0.093010,0.154524,0.108168,0.166669,0.074672,0.168504,0.209460,0.114689
0.125267,0.140598,0.183261,0.137116,0.133012,0.107124,0.092216,0.140507,-0.052189,0.155201,0.058208,0.222796,0.114261,0.257111,-0.126067,-0.052018,0.167795,0.290307,0.164956,0.015014,0.046908,0.066199,0.191516,-0.000995,0.064691,0.153524,0.083099,0.227519,0.169875,-0.019290,-0.093430,0.148308,0.013771,0.160415,0.097099,0.092394,0.182805,0.230958,0.130981,0.094224,0.204934,0.285654,0.101311,0.096082,-0.018893,0.132588,0.013219,0.116403,0.056722,-0.085559,0.131530,0.165133,0.126428,0.194415,0.104352,0.031519,0.190969,0.134118,0.036416,-0.067868,-0.013862,0.216621,0.183421,0.097405,0.147479,0.077964,0.272421,0.203672,0.125012,0.148497,0.301772,0.231008,0.148698,0.267732,0.059300,0.287420,0.092898,0.155499,0.097784,0.103693,0.064045,0.160640,0.022905,0.078614,0.116265,0.038691,-0.012899,0.226566,0.088456,0.117630,0.067855,-0.010794,0.092963,0.155403,0.108632,0.166988,0.075708,0.169090,0.209209,0.115046
0.125435,0.141705,0.183648,0.138364,0.134856,0.107200,0.091951,0.141906,-0.052078,0.157265,0.058354,0.222669,0.115304,0.258197,-0.125131,-0.050858,0.168659,0.290491,0.166472,0.016398,0.047272,0.066196,0.192918,-0.000901,0.065449,0.153816,0.083884,0.228144,0.170573,-0.018250,-0.093262,0.148921,0.014142,0.161579,0.099248,0.093628,0.184885,0.230758,0.131965,0.094948,0.207239,0.284461,0.102262,0.096159,-0.018036,0.133197,0.013913,0.116964,0.058959,-0.084887,0.132772,0.166898,0.126328,0.194602,0.105503,0.032468,0.191714,0.135063,0.036419,-0.066760,-0.013516,0.217339,0.183695,0.098011,0.148527,0.078501,0.273241,0.204542,0.126617,0.149048,0.302763,0.231652,0.149820,0.267973,0.059880,0.289235,0.094290,0.155922,0.098972,0.103450,0.064514,0.161042,0.023184,0.079070,0.116009,0.039582,-0.012508,0.227046,0.088747,0.118576,0.069506,-0.009514,0.092749,0.156257,0.109132,0.167479,0.076703,0.169678,0.209065,0.115840
0.126081,0.142479,0.183909,0.139014,0.136810,0.107993,0.092550,0.143246,-0.051619,0.159509,0.058623,0.222482,0.116314,0.259282,-0.123457,-0.049707,0.169538,0.291275,0.167950,0.017725,0.047818,0.066397,0.194529,-0.000342,0.065637,0.154125,0.084297,0.229570,0.171241,-0.016758,-0.093170,0.149495,0.015615,0.162921,0.101458,0.093827,0.186852,0.230601,0.133531,0.095582,0.209703,0.283334,0.102050,0.096621,-0.017211,0.134375,0.014501,0.117095,0.060729,-0.084429,0.133667,0.168602,0.126449,0.195174,0.106617,0.032722,0.192429,0.135966,0.036907,-0.065013,-0.013354,0.217458,0.184115,0.098608,0.150012,0.078610,0.273800,0.204792,0.128041,0.149604,0.303688,0.232528,0.150717,0.267711,0.060251,0.291038,0.095444,0.156375,0.100172,0.103277,0.065396,0.161835,0.024009,0.079219,0.115954,0.040470,-0.012461,0.227174,0.089387,0.119745,0.070593,-0.009199,0.092912,0.157212,0.109201,0.167979,0.077789,0.170823,0.209001,0.116162
0.126899,0.143230,0.184107,0.139813,0.138232,0.108278,0.092763,0.144114,-0.051014,0.161624,0.058897,0.222333,0.117606,0.260224,-0.122693,-0.048573,0.170177,0.291869,0.169329,0.018323,0.048158,0.067231,0.196074,0.000441,0.066726,0.154376,0.085831,0.230979,0.171373,-0.015228,-0.092943,0.150107,0.017033,0.163984,0.103433,0.094796,0.188269,0.230494,0.134992,0.096202,0.211520,0.282272,0.102373,0.096728,-0.015843,0.135583,0.015089,0.117691,0.062596,-0.083474,0.134507,0.170212,0.126411,0.195259,0.107364,0.033572,0.192419,0.135827,0.037639,-0.064342,-0.013192,0.218184,0.184668,0.099191,0.151063,0.079314,0.274573,0.205651,0.128935,0.150026,0.304593,0.233267,0.151420,0.267504,0.061231,0.292722,0.096764,0.157324,0.101321,0.104044,0.066259,0.162416,0.024662,0.079281,0.115975,0.041318,-0.011998,0.228028,0.090185,0.120756,0.071966,-0.008760,0.092961,0.158029,0.109308,0.168258,0.078480,0.171530,0.210926,0.116755
0.127390,0.143953,0.184406,0.140601,0.139871,0.108815,0.093258,0.145301,-0.050421,0.163723,0.059077,0.222288,0.118878,0.261086,-0.121928,-0.047072,0.171023,0.292343,0.170347,0.019197,0.048623,0.067411,0.197280,0.000672,0.067430,0.154660,0.086198,0.230978,0.171530,-0.013460,-0.092692,0.150626,0.017908,0.164941,0.105334,0.095663,0.189881,0.230109,0.136598,0.096772,0.213832,0.281273,0.102236,0.096837,-0.015249,0.136566,0.015770,0.117878,0.064213,-0.082334,0.135289,0.171757,0.125719,0.195441,0.108111,0.034477,0.193136,0.136765,0.038424,-0.062697,-0.013357,0.218900,0.184550,0.099776,0.151970,0.080192,0.274902,0.206501,0.129771,0.150274,0.305930,0.233602,0.152294,0.267877,0.062190,0.294322,0.097901,0.156963,0.102430,0.104508,0.067465,0.162667,0.025460,0.079857,0.115833,0.041756,-0.011793,0.228660,0.090736,0.121734,0.072983,-0.008416,0.093037,0.158964,0.109920,0.168570,0.079167,0.172617,0.212354,0.117083
0.128176,0.143988,0.184639,0.141335,0.141639,0.109145,0.093716,0.146444,-0.049976,0.165660,0.059138,0.221546,0.120080,0.262030,-0.121168,-0.046158,0.171883,0.292945,0.171627,0.020046,0.049096,0.067708,0.198645,0.001212,0.068374,0.155056,0.087077,0.232378,0.171867,-0.011647,-0.092415,0.151260,0.019114,0.165581,0.107162,0.096878,0.189811,0.230125,0.137942,0.097490,0.215617,0.280315,0.102519,0.097202,-0.013673,0.137005,0.016426,0.118494,0.065742,-0.081737,0.136498,0.173030,0.125786,0.196028,0.108703,0.035428,0.193584,0.137667,0.039030,-0.061130,-0.013040,0.219205,0.184841,0.100460,0.152958,0.081164,0.276118,0.207227,0.131130,0.150855,0.307050,0.234211,0.152981,0.268253,0.062865,0.295900,0.098913,0.157901,0.103410,0.104985,0.068420,0.163049,0.026238,0.080469,0.116071,0.042599,-0.010288,0.229473,0.091704,0.122802,0.073748,-0.007958,0.092933,0.160008,0.110453,0.168861,0.080131,0.173007,0.212218,0.118033
0.128420,0.144082,0.184982,0.141986,0.143124,0.109452,0.094387,0.147620,-0.049524,0.167292,0.059312,0.221564,0.120931,0.262852,-0.120226,-0.044722,0.172513,0.293722,0.172927,0.020889,0.049435,0.068255,0.199741,0.001991,0.068592,0.155460,0.087452,0.232829,0.172213,-0.010888,-0.092345,0.151980,0.019479,0.166221,0.109173,0.097768,0.190057,0.230723,0.139272,0.097851,0.217266,0.279421,0.102439,0.097727,-0.013077,0.137709,0.017278,0.119739,0.067616,-0.080801,0.137667,0.174046,0.126034,0.196121,0.109730,0.036376,0.194641,0.138686,0.039787,-0.060614,-0.013135,0.219150,0.185425,0.101033,0.153821,0.082000,0.276726,0.207203,0.132566,0.151247,0.308123,0.235233,0.153272,0.268570,0.063540,0.297416,0.099646,0.157591,0.104358,0.105483,0.068799,0.163517,0.027187,0.080820,0.116137,0.042652,-0.010081,0.230258,0.092782,0.123719,0.074994,-0.007771,0.093067,0.160497,0.111085,0.169174,0.080610,0.174076,0.212986,0.118364
0.129237,0.144565,0.185692,0.142850,0.144305,0.109759,0.094282,0.148839,-0.049846,0.169154,0.059665,0.221651,0.122072,0.263651,-0.118663,-0.043165,0.173355,0.294146,0.174560,0.021712,0.049960,0.069071,0.201056,0.002512,0.069519,0.155971,0.088328,0.233956,0.172420,-0.009975,-0.091991,0.152685,0.019860,0.167221,0.110722,0.098569,0.191867,0.231274,0.140528,0.098405,0.219114,0.278624,0.102756,0.097888,-0.012481,0.138854,0.017916,0.120493,0.069016,-0.080435,0.138578,0.175455,0.125934,0.196252,0.110627,0.037299,0.195242,0.138493,0.040522,-0.059692,-0.012639,0.219515,0.185828,0.101574,0.155023,0.082235,0.277328,0.208059,0.133925,0.151796,0.309389,0.236212,0.154690,0.268963,0.063894,0.298869,0.100853,0.158155,0.105109,0.105990,0.069187,0.163971,0.027907,0.081055,0.116272,0.042748,-0.009883,0.230531,0.093041,0.124732,0.075977,-0.007394,0.093028,0.161513,0.111604,0.169522,0.081378,0.174810,0.213754,0.118941
0.129550,0.145445,0.186172,0.143444,0.145825,0.110489,0.094241,0.149716,-0.049646,0.170929,0.059897,0.221691,0.123202,0.263294,-0.117932,-0.041844,0.174194,0.294827,0.175369,0.022247,0.050955,0.069356,0.202318,0.003266,0.069716,0.156669,0.089173,0.234354,0.173159,-0.008883,-0.092105,0.153294,0.020112,0.168377,0.112728,0.098696,0.192936,0.231328,0.141929,0.098754,0.220896,0.277913,0.103379,0.098982,-0.012176,0.139767,0.018553,0.121231,0.070755,-0.079516,0.139367,0.176829,0.125864,0.196566,0.111587,0.038074,0.195563,0.139378,0.041080,-0.058229,-0.012121,0.220271,0.185722,0.102104,0.156342,0.083068,0.277590,0.207864,0.134870,0.152031,0.310114,0.236910,0.155273,0.268843,0.064263,0.300214,0.101911,0.159154,0.105882,0.106509,0.070332,0.164451,0.028806,0.081310,0.116588,0.042878,-0.009114,0.231313,0.093642,0.125719,0.076867,-0.007163,0.093023,0.162201,0.112118,0.169842,0.082017,0.175530,0.215192,0.119501
0.130100,0.145515,0.186424,0.144510,0.147371,0.111018,0.094839,0.150710,-0.049775,0.172795,0.060240,0.221830,0.124280,0.263012,-0.117660,-0.040562,0.174824,0.295394,0.176545,0.022800,0.051922,0.069387,0.203642,0.003357,0.069935,0.157176,0.089480,0.234300,0.172644,-0.007415,-0.091741,0.153878,0.020388,0.169196,0.113930,0.099580,0.192827,0.231949,0.143093,0.099111,0.222352,0.277252,0.103963,0.099537,-0.010791,0.140370,0.019166,0.121659,0.072028,-0.078446,0.140126,0.178112,0.125888,0.196768,0.112443,0.039293,0.196181,0.140250,0.041504,-0.057811,-0.010923,0.220672,0.186022,0.102631,0.157634,0.083851,0.278626,0.208671,0.135798,0.152284,0.311085,0.237850,0.156245,0.269260,0.064881,0.301555,0.103338,0.160111,0.106464,0.107158,0.071126,0.165110,0.029488,0.081903,0.116909,0.043667,-0.008868,0.231417,0.094410,0.126661,0.078072,-0.006907,0.092329,0.163293,0.112647,0.170353,0.082877,0.175972,0.216589,0.120070
0.130805,0.146078,0.186926,0.145533,0.148538,0.111535,0.095503,0.151294,-0.049043,0.174170,0.060418,0.221924,0.125324,0.262853,-0.115657,-0.039134,0.175456,0.295699,0.177511,0.024021,0.052856,0.070208,0.204810,0.003694,0.070585,0.157884,0.090159,0.235624,0.173494,-0.006733,-0.091791,0.154401,0.020766,0.170095,0.115715,0.100360,0.194109,0.232033,0.144218,0.099072,0.224271,0.276673,0.103930,0.100126,-0.009341,0.141038,0.019765,0.121836,0.073507,-0.077591,0.140494,0.179358,0.126223,0.196966,0.112878,0.040450,0.196691,0.141273,0.042076,-0.056983,-0.011035,0.221033,0.186476,0.103177,0.158424,0.084579,0.277899,0.209447,0.137077,0.152700,0.312197,0.238757,0.156974,0.269165,0.065486,0.302325,0.104731,0.161022,0.107219,0.107543,0.071999,0.165501,0.030154,0.082221,0.116890,0.044541,-0.008372,0.231717,0.095149,0.127124,0.078750,-0.006206,0.091723,0.163925,0.113171,0.170839,0.083691,0.175879,0.217685,0.120652
