-0.667162,-0.389870,-0.656280,-0.955612,-0.984011,0.932503,-0.529936,-0.234608,0.910858,0.992107,-0.689088,-0.956455,0.238361,0.799585,0.854570,-0.938596,0.253132,0.896439,0.372638,0.510782,-0.190494,0.209570,0.536100,0.492991,-0.981083,-0.189342,0.318195,0.261900,0.004415,0.196023,0.255396,0.776695,-0.065330,-0.497293,-0.498298,0.579154,0.427874,0.550823,0.496182,-0.831029,0.666416,-0.278351,-0.259280,0.124249,0.886368,0.300094,-0.886572,0.677453,0.667925,-0.622792,-0.791908,0.161141,-0.566131,0.607109,-0.170887,0.637902,-0.282321,0.159720,0.815291,0.072550,0.898313,-0.392030,-0.663552,-0.528439,-0.607202,0.251185,-0.052348,0.066823,-0.882477,-0.386125,-0.735430,0.642558,-0.533442,0.434301,0.664753,0.307568,-0.676024,0.326408,0.269985,-0.747752,-0.816331,0.511051,-0.529282,0.143975,0.188663,0.771104,0.031206,-0.549886,-0.008554,-0.837608,0.045993,-0.942014,-0.239792,-0.331943,0.621339,-0.428034,0.603638,0.354104,0.323106,-0.844631
0.699130,0.741436,-0.001791,0.365528,0.865656,0.792849,-0.042583,0.772578,0.340696,0.049849,-0.072136,-0.783794,0.695274,0.656723,0.113222,-0.248783,0.776452,0.413297,-0.243780,0.060683,0.652857,0.196400,0.479652,0.680414,-0.128543,-0.744122,0.117366,0.275564,0.000438,-0.691862,0.815879,0.088936,0.295502,0.306944,0.704819,0.338005,0.249178,0.039787,0.800798,-0.721548,0.541969,-0.294841,-0.238271,-0.657531,0.728432,0.698830,-0.330145,0.572948,0.067243,0.253962,-0.706730,0.270184,-0.515081,-0.648960,0.594208,0.067173,-0.719065,0.066949,0.749834,0.090359,0.782092,-0.012108,0.777440,0.774630,-0.436608,0.640839,0.710181,0.014145,-0.115347,-0.845558,0.822190,0.059681,-0.461596,0.064909,0.726576,0.811601,0.817644,0.699494,0.240185,0.609562,-0.724313,0.426174,-0.421841,0.246285,0.396192,0.053905,-0.198279,0.680661,0.740597,0.111216,-0.698522,-0.724414,-0.062743,0.217241,0.267833,-0.678104,-0.126164,0.798349,0.086874,-0.318977
0.829383,0.821084,0.089573,0.419917,0.785551,0.656040,0.000074,0.805569,0.336936,0.068785,0.016111,-0.580674,0.807306,0.575961,0.095541,-0.242786,0.805865,0.390710,-0.207560,0.019276,0.764749,0.209955,0.388783,0.783512,-0.040805,-0.787309,0.150149,0.297089,0.014826,-0.777260,0.815911,0.037839,0.301747,0.277273,0.783001,0.289010,0.265571,0.040837,0.799614,-0.666321,0.510359,-0.245716,-0.161648,-0.694142,0.656940,0.792292,-0.214099,0.555220,0.026326,0.282505,-0.645472,0.319503,-0.406868,-0.711186,0.773610,0.010308,-0.734736,0.096782,0.777752,0.115247,0.801139,-0.018834,0.824729,0.798944,-0.299770,0.775221,0.732077,0.040913,-0.013076,-0.785922,0.844460,0.076043,-0.373495,0.067508,0.783898,0.811354,0.828717,0.775123,0.225451,0.728068,-0.701090,0.353847,-0.287487,0.324594,0.485730,0.026540,-0.168412,0.749075,0.858672,0.284118,-0.780662,-0.563652,0.020447,0.275873,0.257121,-0.669580,-0.171513,0.805557,0.025236,-0.257762
0.847824,0.831592,0.097490,0.426227,0.804744,0.544961,0.002166,0.795812,0.341353,0.080443,0.031548,-0.408813,0.821118,0.509565,0.086700,-0.251366,0.810772,0.390644,-0.200940,0.020473,0.775275,0.236134,0.300215,0.803897,-0.021242,-0.778881,0.155176,0.309457,0.025971,-0.760668,0.826399,0.044252,0.305758,0.283262,0.787685,0.289162,0.278577,0.046542,0.799051,-0.668187,0.485398,-0.193369,-0.095122,-0.687948,0.600869,0.820071,-0.196602,0.547047,0.020537,0.294332,-0.630648,0.324170,-0.322504,-0.704612,0.808140,0.019518,-0.747333,0.097569,0.778246,0.140338,0.808588,-0.005299,0.826348,0.808967,-0.185803,0.813956,0.746285,0.051410,-0.009370,-0.785720,0.846218,0.079547,-0.297348,0.079159,0.803499,0.828861,0.832051,0.787880,0.219321,0.752252,-0.706268,0.296269,-0.186573,0.340136,0.496197,0.033095,-0.148226,0.753660,0.870034,0.317109,-0.781750,-0.421763,0.023851,0.306118,0.266605,-0.686255,-0.177531,0.809485,0.025314,-0.241364
0.855232,0.834794,0.099488,0.430547,0.806926,0.452553,0.009139,0.804534,0.346541,0.084669,0.035142,-0.264960,0.818930,0.451901,0.096359,-0.251209,0.807801,0.384259,-0.206188,0.022700,0.782680,0.261115,0.232278,0.798469,-0.023788,-0.771447,0.154679,0.302975,0.028846,-0.757562,0.818865,0.051342,0.304749,0.282283,0.794332,0.284620,0.275062,0.053092,0.801535,-0.665268,0.468168,-0.153838,-0.036536,-0.686863,0.551615,0.806978,-0.193021,0.540759,0.019341,0.287075,-0.636043,0.330262,-0.245626,-0.711243,0.826554,0.023843,-0.749154,0.099357,0.771642,0.158869,0.808066,-0.007577,0.827504,0.807147,-0.079529,0.822913,0.740090,0.058990,-0.008719,-0.766728,0.851870,0.076461,-0.220578,0.077782,0.799053,0.829066,0.836627,0.787771,0.222349,0.754616,-0.699446,0.246717,-0.097699,0.336206,0.498337,0.036773,-0.141357,0.753293,0.874442,0.321463,-0.780726,-0.316732,0.039637,0.303062,0.266132,-0.677611,-0.181055,0.819032,0.027078,-0.237264
0.856849,0.834420,0.099395,0.428027,0.805273,0.374739,0.014477,0.804956,0.340021,0.087974,0.030204,-0.149302,0.822343,0.395546,0.088461,-0.244933,0.819439,0.388240,-0.193811,0.019666,0.787256,0.287992,0.173827,0.804278,-0.017786,-0.768865,0.147754,0.304629,0.045007,-0.768282,0.819193,0.050398,0.302568,0.283032,0.797985,0.284410,0.276292,0.065934,0.799086,-0.665609,0.463319,-0.104579,0.009896,-0.694166,0.517932,0.823019,-0.188621,0.545246,0.023679,0.291574,-0.633775,0.327840,-0.176436,-0.704404,0.822517,0.025863,-0.750158,0.102715,0.781391,0.177323,0.816997,-0.006890,0.827756,0.809374,0.000220,0.824844,0.740937,0.061813,0.007435,-0.767265,0.842117,0.074751,-0.153577,0.078228,0.811720,0.827269,0.836998,0.781051,0.211029,0.762181,-0.690125,0.214498,-0.024997,0.339987,0.498478,0.030608,-0.139570,0.760125,0.870937,0.331020,-0.787808,-0.231126,0.043076,0.313700,0.266582,-0.686651,-0.183921,0.812144,0.034437,-0.225219
0.851461,0.835059,0.090833,0.427713,0.807070,0.313172,0.011953,0.789218,0.340966,0.090863,0.032182,-0.056668,0.830496,0.360097,0.091106,-0.242740,0.810827,0.400047,-0.197787,0.023383,0.790967,0.307574,0.129407,0.806528,-0.023034,-0.771819,0.148936,0.310193,0.052666,-0.765380,0.833465,0.055365,0.301270,0.290053,0.799422,0.283522,0.277296,0.070590,0.801008,-0.667995,0.461042,-0.071798,0.042830,-0.693546,0.481887,0.819647,-0.187928,0.544933,0.020624,0.292937,-0.637532,0.329071,-0.108701,-0.706046,0.824195,0.026703,-0.742671,0.103570,0.781287,0.198930,0.824506,0.000814,0.836554,0.814966,0.071735,0.818900,0.738576,0.050815,0.002235,-0.765929,0.846090,0.071845,-0.100911,0.078993,0.820187,0.828914,0.837615,0.786773,0.208861,0.767023,-0.695020,0.187077,0.037643,0.338560,0.493897,0.048152,-0.139156,0.754594,0.867734,0.326751,-0.788211,-0.163690,0.030488,0.319577,0.275506,-0.695033,-0.190544,0.824341,0.036397,-0.217450
0.851598,0.835264,0.099944,0.435885,0.805771,0.254070,0.017590,0.789106,0.340311,0.092471,0.031705,0.027800,0.838369,0.326939,0.096007,-0.239381,0.811518,0.396849,-0.192658,0.024622,0.788417,0.325391,0.094351,0.806440,-0.018666,-0.750211,0.148693,0.311878,0.052808,-0.759902,0.831782,0.055718,0.294793,0.289595,0.795502,0.283544,0.283143,0.073614,0.792213,-0.666726,0.461582,-0.035885,0.081067,-0.688042,0.453157,0.825762,-0.190239,0.549035,0.007892,0.293783,-0.634487,0.326006,-0.054505,-0.697767,0.831748,0.030847,-0.747338,0.102459,0.782883,0.218309,0.816401,0.004246,0.838075,0.812369,0.135708,0.824984,0.742737,0.053892,-0.002134,-0.773952,0.849367,0.081311,-0.053177,0.078846,0.818774,0.828171,0.833407,0.795776,0.206557,0.769248,-0.693703,0.153076,0.071777,0.347769,0.494157,0.033801,-0.139892,0.754497,0.872091,0.333237,-0.781135,-0.109444,0.036722,0.319398,0.269633,-0.692664,-0.179604,0.824026,0.029643,-0.216321
0.855008,0.834706,0.100392,0.431508,0.811441,0.212084,0.014698,0.804821,0.345300,0.093537,0.041456,0.096557,0.836758,0.290724,0.096026,-0.241748,0.811757,0.391166,-0.194232,0.021346,0.784433,0.345490,0.065375,0.806226,-0.019686,-0.758735,0.150411,0.313966,0.041447,-0.755300,0.824225,0.053975,0.298745,0.283129,0.799254,0.289276,0.284991,0.076425,0.799508,-0.669445,0.457814,-0.002660,0.111224,-0.693195,0.430166,0.821237,-0.183184,0.548359,0.013818,0.289353,-0.635153,0.325592,-0.006923,-0.700363,0.828288,0.034388,-0.755014,0.102306,0.781002,0.233305,0.820888,0.004913,0.837815,0.821114,0.181946,0.825848,0.751842,0.058595,-0.010873,-0.782257,0.846886,0.077341,-0.003978,0.082543,0.819592,0.813277,0.833744,0.784011,0.208476,0.772656,-0.702843,0.134040,0.114200,0.340972,0.498382,0.045899,-0.139167,0.756649,0.876902,0.327401,-0.781512,-0.065022,0.038549,0.314778,0.278922,-0.685111,-0.177945,0.823529,0.038568,-0.216932
0.859174,0.835217,0.099830,0.437060,0.812790,0.177680,0.015536,0.805379,0.346048,0.087891,0.034247,0.153650,0.837167,0.267891,0.095712,-0.239193,0.815798,0.395316,-0.203648,0.025207,0.785225,0.364003,0.035087,0.805660,-0.017831,-0.760492,0.142108,0.312217,0.054618,-0.760111,0.837496,0.054688,0.295215,0.289961,0.800127,0.283258,0.292107,0.072677,0.800192,-0.667638,0.461892,0.024719,0.125427,-0.690176,0.413630,0.826184,-0.186973,0.551857,0.014016,0.289946,-0.631758,0.322840,0.046437,-0.705468,0.831360,0.032101,-0.755700,0.102242,0.783745,0.249642,0.824511,-0.000953,0.830124,0.814242,0.227086,0.826286,0.752582,0.056896,-0.004971,-0.782611,0.847091,0.081760,0.028720,0.082596,0.816469,0.827468,0.833767,0.789941,0.219001,0.776794,-0.699152,0.117110,0.142425,0.348943,0.494830,0.041114,-0.138989,0.755598,0.873820,0.333794,-0.781837,-0.029267,0.045625,0.322359,0.272679,-0.698372,-0.176923,0.829510,0.040626,-0.213414
0.839793,0.836198,0.094484,0.431088,0.813637,0.153455,0.016388,0.797474,0.347994,0.095871,0.036325,0.193917,0.835888,0.251790,0.087913,-0.238818,0.823414,0.390479,-0.193559,0.025044,0.791251,0.374548,0.015446,0.805898,-0.021901,-0.759137,0.142546,0.316877,0.053502,-0.760154,0.838917,0.055354,0.297250,0.288507,0.800831,0.282836,0.284707,0.075168,0.800140,-0.670105,0.461768,0.060761,0.144475,-0.700153,0.398530,0.827195,-0.187440,0.555171,0.013398,0.294714,-0.638751,0.322029,0.085305,-0.710367,0.838157,0.034750,-0.757064,0.096208,0.788727,0.263050,0.823888,0.007803,0.832617,0.819678,0.260593,0.826825,0.741738,0.057814,0.003877,-0.780339,0.849632,0.073011,0.064299,0.078258,0.818772,0.819054,0.837999,0.789347,0.228959,0.779835,-0.691062,0.098822,0.154860,0.345069,0.498242,0.035435,-0.138916,0.755787,0.874102,0.328997,-0.787785,0.006051,0.039936,0.317386,0.283806,-0.686878,-0.180541,0.824892,0.031684,-0.210368
0.858386,0.838665,0.094244,0.431454,0.814465,0.129672,0.021391,0.789558,0.340648,0.096723,0.028501,0.225201,0.843301,0.228369,0.089711,-0.249526,0.817077,0.404095,-0.195693,0.028929,0.786491,0.386702,-0.000799,0.805881,-0.021955,-0.756290,0.145130,0.315376,0.058554,-0.756881,0.832676,0.056812,0.296750,0.285825,0.801058,0.278681,0.293596,0.076809,0.801912,-0.671091,0.462620,0.082005,0.161011,-0.689003,0.386776,0.817755,-0.189982,0.548897,0.004736,0.295176,-0.632806,0.328101,0.116687,-0.713266,0.832666,0.038845,-0.751595,0.101871,0.787413,0.273518,0.826136,0.000506,0.838740,0.826428,0.286250,0.819800,0.741576,0.066605,0.003578,-0.780425,0.841889,0.072810,0.095033,0.078978,0.824578,0.826878,0.833901,0.782837,0.221333,0.778355,-0.697484,0.088013,0.176523,0.349087,0.494813,0.053729,-0.138839,0.757086,0.873412,0.328671,-0.781371,0.027193,0.032093,0.318065,0.277418,-0.686672,-0.177321,0.822173,0.042544,-0.206209
0.860302,0.835363,0.100462,0.430910,0.811991,0.111292,0.021259,0.805090,0.341154,0.097370,0.043295,0.252494,0.838688,0.215484,0.094844,-0.250337,0.823901,0.401025,-0.203157,0.026435,0.788783,0.395713,-0.014916,0.798871,-0.021900,-0.762812,0.141544,0.316006,0.060269,-0.758525,0.841022,0.058402,0.295679,0.290457,0.797638,0.281440,0.291007,0.076728,0.802672,-0.667023,0.468235,0.101854,0.167451,-0.699711,0.383441,0.825839,-0.193263,0.548820,0.013472,0.286547,-0.635261,0.322242,0.157491,-0.698147,0.828070,0.038902,-0.751086,0.098767,0.780366,0.285057,0.832046,0.002970,0.831446,0.816596,0.309476,0.818820,0.742466,0.066334,-0.013659,-0.773769,0.835116,0.068900,0.108902,0.078130,0.819976,0.812004,0.833734,0.788153,0.231865,0.783537,-0.698301,0.076228,0.191085,0.346049,0.499520,0.042415,-0.139746,0.760022,0.872978,0.328253,-0.779004,0.043995,0.045819,0.326278,0.278153,-0.699448,-0.180341,0.825788,0.033881,-0.204814
0.840544,0.838432,0.090852,0.435184,0.809974,0.101846,0.013964,0.790154,0.348013,0.090623,0.037999,0.272992,0.839404,0.209451,0.087680,-0.243828,0.824301,0.392289,-0.195173,0.025995,0.786840,0.404850,-0.033100,0.798990,-0.018957,-0.754129,0.146877,0.317484,0.048024,-0.757564,0.838043,0.061429,0.300478,0.282935,0.804518,0.282577,0.284115,0.077726,0.806946,-0.670834,0.471484,0.121897,0.184856,-0.696278,0.380514,0.817371,-0.182847,0.543555,0.012283,0.298386,-0.626533,0.322356,0.183550,-0.705174,0.831249,0.038148,-0.751485,0.102716,0.783181,0.292755,0.833236,0.010249,0.833410,0.825287,0.328219,0.825125,0.753627,0.061626,-0.007024,-0.773068,0.842836,0.081421,0.129885,0.078436,0.819174,0.826532,0.837088,0.796447,0.240673,0.784941,-0.694872,0.063467,0.204402,0.345722,0.499723,0.055002,-0.139956,0.759586,0.874664,0.328600,-0.778869,0.050117,0.040361,0.326981,0.278947,-0.702514,-0.183294,0.823112,0.033607,-0.206466
0.855708,0.834970,0.100507,0.436661,0.816606,0.089044,0.013805,0.805221,0.340926,0.090434,0.045862,0.296405,0.836046,0.193394,0.087877,-0.242168,0.824745,0.402190,-0.195907,0.026092,0.785960,0.414299,-0.044346,0.797613,-0.018631,-0.741571,0.146751,0.317174,0.057440,-0.755876,0.838951,0.047611,0.293577,0.289815,0.802226,0.284213,0.287160,0.080396,0.803066,-0.664307,0.476707,0.137248,0.200179,-0.685978,0.378830,0.820906,-0.181120,0.548540,0.004759,0.299123,-0.635442,0.322035,0.211091,-0.697213,0.837499,0.039908,-0.757209,0.095879,0.786333,0.302407,0.828805,0.009247,0.831665,0.821765,0.348096,0.826529,0.747025,0.059466,-0.015511,-0.765323,0.849646,0.075975,0.145068,0.079285,0.818358,0.826733,0.838147,0.792647,0.249430,0.786885,-0.694141,0.045503,0.212957,0.352233,0.495325,0.056139,-0.139155,0.754382,0.873283,0.328668,-0.786606,0.062408,0.039086,0.311481,0.277320,-0.689996,-0.181407,0.827095,0.044893,-0.205391
0.857539,0.835285,0.091238,0.440906,0.816636,0.070241,0.014527,0.790693,0.347962,0.098525,0.037684,0.304159,0.840224,0.180032,0.095062,-0.241726,0.824715,0.402992,-0.195472,0.026806,0.785780,0.416355,-0.051775,0.804021,-0.018988,-0.740074,0.143421,0.318438,0.062784,-0.755921,0.839965,0.057781,0.297201,0.297592,0.798004,0.285818,0.290875,0.081399,0.802429,-0.666003,0.472888,0.153673,0.213081,-0.685957,0.377283,0.823072,-0.190303,0.548396,0.015300,0.294492,-0.632563,0.321982,0.231197,-0.704897,0.839388,0.040313,-0.753238,0.098474,0.790902,0.311034,0.830202,0.010735,0.836182,0.826761,0.359430,0.815444,0.746599,0.064058,-0.007160,-0.773759,0.848938,0.082514,0.166356,0.077889,0.825916,0.826334,0.837212,0.783141,0.257454,0.784270,-0.698941,0.030313,0.220176,0.346117,0.499096,0.043386,-0.138900,0.760861,0.879063,0.328876,-0.787646,0.072002,0.032316,0.322602,0.281857,-0.700547,-0.189428,0.824205,0.047849,-0.205017
0.841134,0.835580,0.100185,0.433778,0.813415,0.056875,0.023123,0.805857,0.346456,0.092467,0.036841,0.315036,0.846034,0.175001,0.088861,-0.249293,0.825170,0.396034,-0.201976,0.026552,0.777878,0.420449,-0.057868,0.804862,-0.023242,-0.759081,0.140095,0.315696,0.063320,-0.753279,0.843204,0.062811,0.296930,0.290123,0.799021,0.284809,0.289729,0.080156,0.805829,-0.670558,0.473509,0.166344,0.219810,-0.687013,0.376374,0.817476,-0.193003,0.547980,0.003924,0.293026,-0.632487,0.308987,0.253219,-0.701226,0.840396,0.041032,-0.758785,0.102620,0.791481,0.318234,0.829657,0.010801,0.836552,0.827417,0.368808,0.812990,0.747372,0.063031,-0.014389,-0.765026,0.843066,0.082196,0.180352,0.082645,0.823406,0.822118,0.833973,0.795566,0.253281,0.787226,-0.703754,0.023611,0.231435,0.352390,0.498460,0.045295,-0.140318,0.756902,0.875478,0.328841,-0.783688,0.086754,0.038056,0.324133,0.278080,-0.696152,-0.181858,0.824529,0.039741,-0.203637
0.839900,0.838758,0.099933,0.440577,0.811650,0.045468,0.017048,0.790922,0.341590,0.099082,0.038977,0.330289,0.842996,0.174913,0.090870,-0.242025,0.814913,0.402339,-0.194601,0.026482,0.787375,0.423545,-0.063219,0.798509,-0.023844,-0.740860,0.142315,0.318547,0.060161,-0.754388,0.840909,0.048548,0.295297,0.297282,0.806225,0.285221,0.296407,0.082594,0.801187,-0.671863,0.474566,0.186665,0.228669,-0.685753,0.370736,0.822481,-0.182488,0.548141,0.011278,0.298248,-0.632391,0.326433,0.276931,-0.702712,0.843941,0.042164,-0.761653,0.095688,0.784147,0.329590,0.833770,0.016745,0.836664,0.819628,0.377146,0.824287,0.756055,0.056688,-0.007966,-0.765359,0.846540,0.073023,0.192051,0.082567,0.820152,0.818199,0.834155,0.783682,0.249719,0.790202,-0.696812,0.022436,0.224540,0.347749,0.499723,0.045630,-0.140766,0.756545,0.875227,0.326219,-0.785780,0.098593,0.038856,0.324522,0.270891,-0.703147,-0.189665,0.831384,0.048030,-0.203452
0.856221,0.834577,0.100156,0.432964,0.815259,0.041040,0.015631,0.790183,0.343803,0.092889,0.036846,0.336248,0.837697,0.164333,0.087852,-0.241492,0.816502,0.396104,-0.190136,0.028093,0.790338,0.431691,-0.068562,0.795457,-0.017665,-0.752663,0.145826,0.319601,0.060380,-0.755131,0.832334,0.060629,0.299609,0.289647,0.801051,0.279753,0.291220,0.081022,0.799149,-0.664725,0.472154,0.195085,0.233202,-0.696963,0.367325,0.827033,-0.181704,0.548122,0.017301,0.298927,-0.635949,0.325867,0.296379,-0.709994,0.833404,0.041297,-0.753844,0.101033,0.787747,0.331080,0.828102,0.011435,0.840627,0.825014,0.383025,0.819427,0.743864,0.064775,0.000373,-0.782080,0.842932,0.077817,0.202133,0.082635,0.820491,0.818623,0.834230,0.788719,0.256711,0.786357,-0.703435,0.021842,0.228560,0.353486,0.499015,0.042833,-0.139337,0.761052,0.879471,0.328446,-0.783541,0.093053,0.039064,0.331992,0.279925,-0.698124,-0.184553,0.824801,0.040612,-0.193922
0.861169,0.838542,0.100611,0.438020,0.815310,0.038115,0.014965,0.805143,0.340813,0.091302,0.037092,0.344006,0.837388,0.155721,0.090898,-0.241435,0.824919,0.403767,-0.189402,0.026752,0.789229,0.434381,-0.078818,0.798309,-0.021033,-0.750979,0.142673,0.318484,0.051944,-0.756910,0.844859,0.063112,0.293599,0.290212,0.798536,0.289339,0.296585,0.087433,0.805256,-0.661659,0.476884,0.204929,0.235605,-0.693663,0.363544,0.827612,-0.190708,0.542900,0.003484,0.297304,-0.627261,0.308749,0.314283,-0.701608,0.835393,0.043768,-0.759895,0.100530,0.784826,0.334053,0.829873,0.010515,0.832476,0.820395,0.393476,0.818466,0.746942,0.069147,-0.015546,-0.781037,0.842773,0.081732,0.203199,0.083377,0.819532,0.826110,0.838016,0.783354,0.253202,0.791506,-0.691377,0.020951,0.238117,0.353970,0.495198,0.055617,-0.139840,0.761410,0.875560,0.327567,-0.782349,0.094851,0.047392,0.323980,0.271659,-0.694538,-0.178847,0.832020,0.037506,-0.197804
0.858659,0.835767,0.094656,0.437644,0.815574,0.030111,0.019281,0.790739,0.341444,0.091670,0.039304,0.350249,0.842176,0.159857,0.088509,-0.239327,0.815222,0.394317,-0.190337,0.027530,0.786362,0.439098,-0.081368,0.803712,-0.021001,-0.752053,0.145314,0.324259,0.059760,-0.754380,0.832835,0.063318,0.296128,0.290419,0.803179,0.280685,0.289642,0.088454,0.802887,-0.669535,0.478119,0.211730,0.230855,-0.687525,0.365033,0.813618,-0.184828,0.538539,0.014553,0.294453,-0.637103,0.322078,0.316998,-0.702449,0.838465,0.041784,-0.761964,0.095685,0.784921,0.337428,0.830330,0.017394,0.832259,0.820835,0.397921,0.825471,0.756016,0.061710,-0.008293,-0.772706,0.852447,0.082425,0.216934,0.078772,0.820457,0.817470,0.837979,0.796059,0.250083,0.790950,-0.692140,0.008557,0.240216,0.352670,0.499874,0.056532,-0.140010,0.755923,0.875676,0.335634,-0.782926,0.105174,0.048167,0.324065,0.286943,-0.699561,-0.189151,0.834687,0.040629,-0.194624
0.841860,0.834896,0.091001,0.433486,0.812513,0.033331,0.024196,0.789902,0.343898,0.092779,0.045854,0.359061,0.837941,0.153155,0.088578,-0.239144,0.819111,0.402887,-0.194888,0.031545,0.788932,0.436848,-0.084921,0.804606,-0.016705,-0.751940,0.142654,0.325372,0.065270,-0.752675,0.845622,0.049214,0.290240,0.289120,0.799851,0.284365,0.288947,0.082158,0.805542,-0.664181,0.480366,0.217757,0.226782,-0.680820,0.368021,0.824838,-0.189180,0.543897,0.011812,0.294297,-0.638695,0.319355,0.331210,-0.709934,0.844382,0.041197,-0.760870,0.101909,0.785053,0.340035,0.829427,0.010177,0.832616,0.825767,0.405694,0.826483,0.748333,0.060954,0.001548,-0.765173,0.852861,0.069100,0.223987,0.078038,0.819655,0.818378,0.833781,0.792929,0.255852,0.788974,-0.693905,0.009384,0.247332,0.354235,0.495331,0.050408,-0.139115,0.754756,0.875999,0.336886,-0.786405,0.112982,0.041103,0.327457,0.287158,-0.702694,-0.190747,0.829117,0.051216,-0.191479
0.839801,0.836353,0.100645,0.434917,0.812888,0.031784,0.024750,0.797894,0.341702,0.093039,0.046649,0.362328,0.846736,0.154903,0.088648,-0.238972,0.825528,0.403141,-0.190288,0.030893,0.789048,0.438883,-0.087974,0.802771,-0.020315,-0.758881,0.136382,0.321087,0.066173,-0.756231,0.841400,0.059576,0.290438,0.297428,0.807184,0.284345,0.290444,0.084247,0.801488,-0.654628,0.485453,0.225568,0.236615,-0.696328,0.365160,0.817903,-0.191889,0.539699,0.014557,0.295958,-0.627878,0.323609,0.338029,-0.697454,0.840042,0.041165,-0.749894,0.098638,0.788112,0.342034,0.834506,0.004418,0.840893,0.820956,0.412272,0.827130,0.747861,0.050907,0.002831,-0.781245,0.853123,0.078023,0.236018,0.078319,0.821404,0.826673,0.838060,0.790271,0.260871,0.794104,-0.692658,-0.001848,0.246427,0.354123,0.498678,0.046474,-0.138902,0.761311,0.873976,0.330636,-0.782544,0.110721,0.043847,0.333098,0.285022,-0.690857,-0.179127,0.835343,0.050304,-0.196083
0.860399,0.835019,0.094484,0.435270,0.816091,0.037577,0.016543,0.805909,0.343987,0.099926,0.036648,0.358634,0.843457,0.156125,0.091969,-0.241205,0.817518,0.395029,-0.188964,0.027352,0.788327,0.443118,-0.088943,0.804468,-0.018109,-0.759340,0.145194,0.321768,0.065998,-0.754409,0.845891,0.061888,0.292676,0.297437,0.807602,0.286247,0.292005,0.082557,0.799682,-0.662110,0.489694,0.229475,0.238853,-0.688415,0.362170,0.825975,-0.192195,0.536190,0.011420,0.299423,-0.626110,0.309008,0.343542,-0.709217,0.833859,0.044429,-0.759226,0.101724,0.784855,0.344476,0.828685,0.003010,0.841132,0.821346,0.413440,0.827312,0.751478,0.056965,-0.005305,-0.780930,0.847182,0.069171,0.241105,0.078882,0.821741,0.823640,0.834038,0.797573,0.268111,0.792205,-0.702752,0.000344,0.247841,0.349346,0.500165,0.056169,-0.138799,0.761611,0.873777,0.329866,-0.784576,0.117701,0.040090,0.327134,0.272814,-0.693986,-0.177970,0.830193,0.050628,-0.196117
0.858125,0.836097,0.094493,0.438952,0.813120,0.036194,0.016085,0.798285,0.346437,0.100002,0.047291,0.366345,0.843016,0.157806,0.096704,-0.238732,0.819821,0.407753,-0.195413,0.024050,0.786283,0.441386,-0.090528,0.803302,-0.017036,-0.759543,0.145447,0.325331,0.063294,-0.761306,0.843058,0.059737,0.290880,0.297604,0.799217,0.280256,0.292195,0.084957,0.799611,-0.670218,0.489676,0.233840,0.236395,-0.688027,0.360734,0.827701,-0.191711,0.532665,0.017250,0.295723,-0.632255,0.307945,0.354898,-0.712960,0.834691,0.039316,-0.754526,0.095918,0.788507,0.346773,0.827553,0.005046,0.841415,0.826164,0.414063,0.827510,0.747016,0.060077,-0.014911,-0.764343,0.848220,0.078032,0.242935,0.078358,0.822097,0.818729,0.834323,0.798771,0.274393,0.789926,-0.703232,-0.009544,0.246667,0.352568,0.495488,0.046749,-0.138765,0.761427,0.875935,0.335808,-0.785005,0.116156,0.044814,0.328146,0.278802,-0.696309,-0.177499,0.834754,0.041920,-0.191466
0.857195,0.835213,0.100705,0.438968,0.816845,0.027378,0.024463,0.797690,0.343826,0.093594,0.040570,0.373230,0.843263,0.150378,0.089181,-0.242679,0.815259,0.397139,-0.195129,0.027298,0.788668,0.445244,-0.091138,0.804800,-0.017094,-0.753285,0.142647,0.325977,0.052578,-0.755173,0.834076,0.049198,0.295360,0.289167,0.803424,0.279666,0.296718,0.085171,0.802997,-0.667159,0.490086,0.246725,0.238921,-0.684221,0.359339,0.817913,-0.192096,0.538534,0.011583,0.297471,-0.633281,0.320657,0.352606,-0.697532,0.841940,0.044203,-0.761703,0.095694,0.788173,0.354365,0.829765,0.011297,0.832984,0.822520,0.419050,0.820283,0.756833,0.061320,-0.017769,-0.764445,0.847677,0.077937,0.254338,0.079545,0.821941,0.811644,0.838201,0.798850,0.268462,0.788809,-0.698693,-0.006821,0.252288,0.348302,0.498366,0.056213,-0.138737,0.761118,0.876456,0.333077,-0.778945,0.121694,0.047899,0.324857,0.281708,-0.699973,-0.179946,0.830154,0.047638,-0.197731
0.857766,0.835685,0.100554,0.439632,0.819484,0.028147,0.024327,0.797810,0.346614,0.099436,0.037854,0.377756,0.842815,0.144462,0.086588,-0.243154,0.819591,0.404858,-0.193733,0.027443,0.789459,0.448669,-0.091219,0.796084,-0.017206,-0.750966,0.139338,0.322408,0.065013,-0.760989,0.834345,0.058866,0.299841,0.288743,0.799183,0.290245,0.290996,0.089113,0.803244,-0.670596,0.485981,0.250529,0.247579,-0.687722,0.357366,0.816538,-0.184836,0.544193,0.011622,0.301538,-0.638444,0.321512,0.362593,-0.709282,0.845785,0.044981,-0.761573,0.102474,0.787824,0.355078,0.834523,0.003071,0.840879,0.822562,0.418813,0.818613,0.756440,0.051410,-0.016463,-0.781846,0.846747,0.076394,0.257208,0.078108,0.826543,0.826344,0.838335,0.793423,0.258241,0.794489,-0.694555,-0.014982,0.253094,0.354627,0.499719,0.047152,-0.139674,0.754444,0.879796,0.335176,-0.778550,0.119239,0.047981,0.333564,0.285399,-0.690455,-0.177224,0.829482,0.049948,-0.199301
0.858507,0.835133,0.094700,0.438753,0.816585,0.020684,0.024757,0.806060,0.346900,0.099880,0.040820,0.382801,0.838934,0.147931,0.088257,-0.239415,0.825647,0.408007,-0.189867,0.031863,0.786702,0.449028,-0.097887,0.803662,-0.017435,-0.750669,0.136108,0.325628,0.062499,-0.754426,0.843856,0.064101,0.293622,0.289143,0.806617,0.280817,0.292510,0.082960,0.803094,-0.664498,0.490485,0.261414,0.243739,-0.684468,0.356239,0.816352,-0.186233,0.544887,0.014522,0.299843,-0.641184,0.325538,0.364977,-0.697248,0.844857,0.039776,-0.760593,0.102068,0.788803,0.356332,0.831193,0.018088,0.840752,0.822008,0.418957,0.813768,0.756254,0.068426,-0.016223,-0.772975,0.835215,0.079580,0.251199,0.078953,0.827791,0.825710,0.838129,0.790119,0.266234,0.796132,-0.697610,-0.011194,0.253477,0.349897,0.498851,0.050247,-0.139976,0.756007,0.876307,0.328122,-0.785834,0.109212,0.048480,0.329351,0.287879,-0.689412,-0.183165,0.829810,0.050474,-0.197634
0.858934,0.838849,0.100029,0.439683,0.814002,0.014820,0.016664,0.806382,0.344454,0.100379,0.031343,0.386969,0.847813,0.153177,0.088783,-0.238391,0.820290,0.404503,-0.189729,0.031419,0.785956,0.448427,-0.097862,0.796025,-0.017183,-0.752459,0.145012,0.322046,0.062610,-0.744697,0.843849,0.062524,0.299581,0.297396,0.806937,0.289982,0.286733,0.085033,0.807986,-0.654122,0.494401,0.270643,0.251561,-0.686599,0.359718,0.807456,-0.181539,0.545509,0.014692,0.301805,-0.641852,0.321921,0.373518,-0.704915,0.840986,0.039634,-0.760793,0.102495,0.786101,0.362829,0.824005,0.002558,0.837961,0.832730,0.423148,0.824717,0.757201,0.057995,-0.017403,-0.764839,0.852978,0.082295,0.251826,0.077566,0.822929,0.825947,0.834662,0.789820,0.256753,0.795598,-0.690524,-0.019117,0.251409,0.354905,0.498917,0.054363,-0.140634,0.761289,0.875883,0.329473,-0.779597,0.109476,0.040660,0.334126,0.279920,-0.689512,-0.183289,0.831409,0.053181,-0.195107
0.858853,0.835797,0.100316,0.435672,0.817003,0.016330,0.024590,0.806505,0.346784,0.100361,0.040393,0.383063,0.839469,0.158678,0.091530,-0.238454,0.820112,0.397991,-0.194471,0.031635,0.792185,0.451638,-0.099313,0.803817,-0.016943,-0.752811,0.139535,0.325454,0.062681,-0.755085,0.834813,0.063078,0.292167,0.297756,0.800813,0.284715,0.291630,0.089195,0.803081,-0.659982,0.489503,0.278922,0.258065,-0.696879,0.358598,0.821290,-0.183261,0.550629,0.016928,0.294808,-0.641749,0.327354,0.378334,-0.705579,0.841266,0.045005,-0.754423,0.103189,0.793305,0.367798,0.834593,0.012499,0.838336,0.822511,0.421584,0.827426,0.745393,0.066268,-0.008664,-0.781262,0.847701,0.071308,0.251845,0.077267,0.824200,0.811487,0.838625,0.789899,0.255229,0.795585,-0.697067,-0.016715,0.255918,0.349917,0.495837,0.056821,-0.139269,0.761140,0.875776,0.329415,-0.777757,0.101880,0.039490,0.334543,0.279257,-0.703185,-0.178190,0.831293,0.052333,-0.196930
0.857791,0.836007,0.100208,0.434613,0.813947,0.011377,0.024362,0.806174,0.346604,0.100088,0.031681,0.382492,0.843252,0.151365,0.095778,-0.241335,0.825690,0.408359,-0.188639,0.028380,0.787128,0.450514,-0.098934,0.799267,-0.020098,-0.738599,0.139639,0.320214,0.066718,-0.749691,0.847066,0.049885,0.292866,0.290404,0.807633,0.283541,0.292585,0.083305,0.803416,-0.665517,0.493937,0.285859,0.252771,-0.694731,0.357718,0.823792,-0.183650,0.554680,0.011252,0.289719,-0.642079,0.309368,0.372750,-0.710426,0.844556,0.039908,-0.753781,0.102976,0.786497,0.365818,0.835708,0.012001,0.838110,0.832672,0.421273,0.820223,0.746959,0.063468,-0.015438,-0.772407,0.850103,0.078036,0.246722,0.077818,0.827818,0.817748,0.837873,0.783469,0.262533,0.791683,-0.702857,-0.024599,0.255670,0.355405,0.495156,0.047277,-0.138793,0.761267,0.873834,0.327492,-0.785563,0.094924,0.044619,0.334573,0.273335,-0.703683,-0.183047,0.835581,0.050900,-0.199101
0.857782,0.836193,0.094260,0.439455,0.817442,0.013759,0.023912,0.806552,0.341525,0.093097,0.040424,0.385917,0.843402,0.156149,0.097099,-0.238959,0.816002,0.403970,-0.190120,0.031233,0.789450,0.447530,-0.099269,0.797384,-0.018063,-0.751149,0.145454,0.325381,0.070237,-0.751772,0.846815,0.060064,0.299125,0.297161,0.801951,0.289853,0.291282,0.082809,0.802647,-0.663531,0.497423,0.283231,0.257657,-0.694669,0.356957,0.826973,-0.189079,0.558590,0.010449,0.300189,-0.642002,0.308034,0.373659,-0.710803,0.838947,0.044410,-0.749458,0.098611,0.791490,0.369698,0.832056,0.010197,0.841712,0.821958,0.421014,0.826284,0.756635,0.062297,-0.008559,-0.764453,0.847609,0.077978,0.255989,0.082896,0.822075,0.817315,0.834345,0.792526,0.263321,0.796046,-0.693691,-0.019759,0.259164,0.349613,0.500366,0.049942,-0.139687,0.761146,0.873007,0.335523,-0.783138,0.089831,0.047484,0.325378,0.281921,-0.691232,-0.183906,0.830577,0.050809,-0.197749
0.861919,0.836001,0.094570,0.435896,0.820002,0.017168,0.016495,0.806310,0.346656,0.093594,0.037880,0.381863,0.843380,0.160992,0.091484,-0.239161,0.825853,0.404260,-0.189960,0.028114,0.788686,0.452166,-0.100866,0.802241,-0.015643,-0.751083,0.145519,0.320175,0.053862,-0.753033,0.846692,0.049697,0.293008,0.290038,0.801829,0.290913,0.291290,0.082995,0.803151,-0.670465,0.496368,0.289274,0.256371,-0.694434,0.356216,0.820693,-0.190951,0.552334,0.014254,0.289671,-0.642035,0.322041,0.375012,-0.710527,0.836925,0.039166,-0.761095,0.097494,0.791832,0.373203,0.828705,0.002595,0.841405,0.826701,0.425145,0.827333,0.756683,0.062331,-0.007470,-0.764546,0.853575,0.082331,0.258753,0.083102,0.826961,0.811724,0.838482,0.797626,0.259505,0.795491,-0.690346,-0.015463,0.258536,0.355215,0.498931,0.047855,-0.138980,0.760529,0.874053,0.330767,-0.779127,0.093530,0.048288,0.331399,0.280760,-0.690369,-0.183789,0.833333,0.052821,-0.192024
0.858939,0.835889,0.100395,0.440213,0.814104,0.019805,0.024476,0.806163,0.346966,0.099934,0.031524,0.374400,0.848295,0.153128,0.096042,-0.241143,0.820514,0.397751,-0.202006,0.027783,0.786456,0.455662,-0.100178,0.802754,-0.016597,-0.750974,0.142944,0.320782,0.065207,-0.755987,0.834512,0.058947,0.292764,0.290409,0.799086,0.284834,0.289904,0.083162,0.803002,-0.668514,0.498152,0.287050,0.255526,-0.693107,0.349125,0.812891,-0.191473,0.556208,0.010488,0.300454,-0.637894,0.324283,0.374632,-0.705926,0.845744,0.041648,-0.760791,0.095698,0.791727,0.370262,0.834930,0.012273,0.835430,0.821770,0.423771,0.820653,0.756451,0.061428,0.001506,-0.772776,0.847610,0.078371,0.252685,0.078681,0.824563,0.823513,0.837937,0.791324,0.257321,0.791476,-0.697998,-0.011513,0.254502,0.350441,0.500181,0.037886,-0.138779,0.761085,0.875751,0.328162,-0.777341,0.096834,0.040755,0.332100,0.279647,-0.703286,-0.189691,0.833144,0.051115,-0.198181
0.862540,0.835857,0.100526,0.436210,0.820140,0.022037,0.016310,0.806158,0.344245,0.100123,0.043356,0.372183,0.848526,0.154491,0.089216,-0.249172,0.819892,0.408030,-0.191501,0.028966,0.792181,0.452039,-0.110312,0.804637,-0.020421,-0.758662,0.136587,0.325114,0.064108,-0.753647,0.846727,0.064562,0.292055,0.290230,0.799922,0.286008,0.291162,0.082931,0.799932,-0.671080,0.500638,0.283143,0.260160,-0.691346,0.349920,0.816028,-0.184760,0.559483,0.016579,0.298169,-0.642597,0.321916,0.378956,-0.701208,0.839770,0.041434,-0.760945,0.102359,0.786670,0.373871,0.830485,0.010306,0.837682,0.823101,0.422279,0.825791,0.751859,0.069925,-0.014035,-0.779935,0.849704,0.070988,0.260045,0.077482,0.827685,0.823071,0.838651,0.783775,0.249177,0.795566,-0.698304,-0.019948,0.252150,0.349791,0.498942,0.045102,-0.139630,0.760391,0.873923,0.335544,-0.781506,0.098847,0.039939,0.334235,0.287594,-0.690726,-0.178401,0.829509,0.048817,-0.192319
0.858210,0.836555,0.100219,0.438931,0.816801,0.022713,0.021443,0.806581,0.344055,0.100084,0.031990,0.378531,0.844017,0.148889,0.089028,-0.249613,0.825728,0.395432,-0.194865,0.028034,0.791701,0.454424,-0.115136,0.804975,-0.017666,-0.750537,0.145380,0.325985,0.069764,-0.753850,0.834547,0.060164,0.292947,0.297851,0.806868,0.289956,0.286946,0.088930,0.806807,-0.668582,0.499116,0.281565,0.261430,-0.680441,0.347966,0.825527,-0.190460,0.552712,0.011114,0.299934,-0.638737,0.323048,0.379892,-0.702349,0.846079,0.043363,-0.755771,0.095861,0.786433,0.376942,0.830651,0.011953,0.841497,0.830245,0.421407,0.820759,0.747219,0.051729,-0.008191,-0.764702,0.847028,0.079696,0.267910,0.078269,0.822339,0.807456,0.834217,0.792371,0.251801,0.790306,-0.698412,-0.027260,0.252246,0.353811,0.498915,0.043486,-0.139039,0.754731,0.874002,0.335690,-0.782652,0.100487,0.039428,0.328489,0.284982,-0.703786,-0.188565,0.835491,0.039646,-0.189758
0.842327,0.836417,0.100530,0.437215,0.816816,0.024394,0.021656,0.791057,0.341562,0.094398,0.037825,0.371151,0.843968,0.151727,0.088749,-0.239664,0.819818,0.403473,-0.194423,0.031450,0.779078,0.450848,-0.114623,0.804824,-0.015511,-0.738099,0.142619,0.322423,0.054362,-0.755903,0.847460,0.059845,0.299070,0.283186,0.806831,0.285765,0.291712,0.083067,0.803457,-0.667156,0.502041,0.280283,0.259804,-0.684703,0.349176,0.808768,-0.192468,0.556882,0.011127,0.297880,-0.634054,0.321825,0.373933,-0.705195,0.847382,0.043391,-0.759641,0.099962,0.786468,0.373458,0.829940,0.002493,0.841671,0.822557,0.420903,0.814118,0.756393,0.069711,-0.007491,-0.772619,0.842840,0.077838,0.265970,0.079236,0.827262,0.818567,0.838125,0.797755,0.255848,0.790770,-0.698489,-0.032980,0.240302,0.355402,0.500425,0.049605,-0.139640,0.754549,0.875802,0.337208,-0.782375,0.101756,0.032958,0.334090,0.282715,-0.692054,-0.183917,0.835225,0.050974,-0.198281
0.840674,0.839191,0.091076,0.442754,0.820134,0.025729,0.024047,0.806321,0.348420,0.092046,0.043820,0.372399,0.843754,0.154055,0.088820,-0.243006,0.825619,0.397870,-0.192076,0.027923,0.787945,0.453503,-0.114228,0.799103,-0.016756,-0.748132,0.136437,0.317644,0.066160,-0.742252,0.847032,0.063141,0.293323,0.288919,0.802418,0.290594,0.289418,0.085088,0.806257,-0.668636,0.503533,0.279315,0.264835,-0.680195,0.343395,0.824370,-0.191473,0.560410,0.011208,0.289338,-0.633953,0.326978,0.381862,-0.713128,0.845390,0.039700,-0.754341,0.101487,0.789274,0.367732,0.834885,0.012169,0.838258,0.829996,0.420102,0.824160,0.745362,0.064515,0.000252,-0.773088,0.842843,0.082456,0.272313,0.079437,0.820591,0.811339,0.837858,0.798778,0.252933,0.794509,-0.694679,-0.026955,0.242885,0.350011,0.500290,0.056376,-0.140558,0.755867,0.874242,0.333288,-0.782463,0.103317,0.038031,0.328428,0.289300,-0.694741,-0.181054,0.830425,0.052615,-0.195584
0.860859,0.835199,0.099788,0.435666,0.816889,0.033097,0.021954,0.791304,0.348579,0.099277,0.032042,0.378386,0.843083,0.159690,0.096612,-0.243259,0.825972,0.405472,-0.189750,0.031239,0.789295,0.451489,-0.111354,0.803934,-0.016805,-0.757888,0.139075,0.317599,0.062819,-0.753122,0.834864,0.060005,0.296139,0.290384,0.801228,0.290944,0.292246,0.088886,0.804116,-0.664636,0.505619,0.284908,0.258296,-0.692171,0.342427,0.822588,-0.192385,0.563388,0.011214,0.299876,-0.633895,0.325577,0.375880,-0.703986,0.845259,0.041758,-0.754290,0.095410,0.786502,0.366010,0.832650,0.012229,0.833720,0.822013,0.419408,0.815080,0.748777,0.066532,-0.006035,-0.781490,0.847908,0.069500,0.269473,0.082740,0.821527,0.811637,0.834044,0.785639,0.251892,0.796053,-0.698467,-0.024007,0.241907,0.353806,0.499867,0.043833,-0.139335,0.760259,0.874155,0.327862,-0.782452,0.104633,0.046561,0.334089,0.280012,-0.697133,-0.177138,0.830843,0.051021,-0.190274
0.858785,0.835224,0.100028,0.437165,0.820210,0.039058,0.024957,0.805307,0.344375,0.099936,0.037800,0.378575,0.848243,0.162744,0.087088,-0.241171,0.819510,0.395670,-0.188774,0.031168,0.786798,0.448843,-0.109244,0.804810,-0.014580,-0.752994,0.139463,0.321578,0.062545,-0.753867,0.847138,0.060144,0.294843,0.290227,0.803333,0.285451,0.292954,0.083420,0.802160,-0.666739,0.506559,0.284105,0.253065,-0.688082,0.348563,0.813061,-0.192548,0.565615,0.003180,0.300020,-0.641025,0.323015,0.375859,-0.700723,0.839315,0.041871,-0.753505,0.098550,0.789220,0.364717,0.828452,0.010745,0.837670,0.822174,0.418100,0.817353,0.751978,0.062361,-0.015021,-0.772324,0.835335,0.081907,0.275463,0.078679,0.826772,0.825830,0.834079,0.783205,0.253957,0.791811,-0.698269,-0.030835,0.241668,0.354326,0.498946,0.045207,-0.140405,0.761359,0.876557,0.326756,-0.784879,0.096944,0.040704,0.329619,0.285530,-0.704346,-0.177628,0.830586,0.050522,-0.198304
0.842164,0.835686,0.094125,0.435804,0.819340,0.037827,0.017902,0.806367,0.348580,0.092346,0.037822,0.383468,0.844327,0.154616,0.088667,-0.241708,0.825551,0.408423,-0.189998,0.027979,0.789748,0.449205,-0.107480,0.799283,-0.014322,-0.738411,0.136829,0.326255,0.066079,-0.755998,0.846844,0.062924,0.296319,0.297380,0.806675,0.283943,0.294133,0.082737,0.802702,-0.662469,0.506683,0.280784,0.253025,-0.692634,0.347011,0.820126,-0.189978,0.567920,0.014135,0.299883,-0.641988,0.311186,0.382565,-0.712431,0.840787,0.042895,-0.761608,0.102541,0.793495,0.363788,0.829840,0.011534,0.837835,0.827882,0.422188,0.825467,0.748571,0.070273,-0.016147,-0.773122,0.847861,0.082934,0.272618,0.082354,0.827708,0.817902,0.837835,0.782272,0.261354,0.794938,-0.698293,-0.036475,0.241354,0.355747,0.495561,0.045953,-0.140206,0.756644,0.874355,0.329204,-0.786907,0.099441,0.039632,0.325725,0.280723,-0.691313,-0.188904,0.830844,0.051612,-0.190230
0.860667,0.834890,0.100183,0.439698,0.820187,0.039732,0.019945,0.806320,0.344209,0.091879,0.047617,0.382535,0.844155,0.153503,0.096075,-0.249324,0.825938,0.404633,-0.201844,0.027696,0.791530,0.452482,-0.106574,0.804129,-0.014693,-0.748297,0.136500,0.321679,0.070173,-0.755922,0.847393,0.064284,0.290647,0.289928,0.803862,0.279617,0.290324,0.085328,0.803117,-0.654468,0.506937,0.279633,0.259109,-0.697951,0.348749,0.821415,-0.181908,0.569627,0.003219,0.294771,-0.637984,0.321048,0.383178,-0.701825,0.844348,0.041481,-0.759895,0.095360,0.786137,0.363127,0.831471,0.002583,0.835490,0.827728,0.420660,0.827027,0.748155,0.064731,-0.007951,-0.781282,0.842232,0.078398,0.270148,0.082818,0.827422,0.823097,0.837747,0.790629,0.258948,0.795406,-0.692696,-0.034180,0.243343,0.354142,0.499783,0.046062,-0.139133,0.754744,0.879982,0.327072,-0.779598,0.093083,0.043379,0.331421,0.279268,-0.699824,-0.190167,0.830792,0.052191,-0.189611
0.858301,0.835724,0.094351,0.434826,0.819565,0.038125,0.016253,0.806513,0.348746,0.099622,0.038368,0.374317,0.844023,0.152850,0.089280,-0.242204,0.819773,0.404785,-0.193860,0.027492,0.789359,0.452135,-0.111928,0.804900,-0.016416,-0.752073,0.136482,0.322473,0.068245,-0.754204,0.847153,0.060506,0.296431,0.297649,0.799527,0.285422,0.289443,0.082942,0.800045,-0.662214,0.500058,0.276882,0.253888,-0.684818,0.349204,0.817409,-0.183166,0.567021,0.010339,0.296237,-0.642462,0.319653,0.376686,-0.702593,0.844957,0.038702,-0.760761,0.101761,0.793510,0.362453,0.831624,0.004363,0.833223,0.823144,0.419172,0.821103,0.745221,0.060670,-0.016193,-0.763976,0.842388,0.082520,0.267504,0.077830,0.828179,0.817830,0.833842,0.797530,0.265905,0.796651,-0.702958,-0.027865,0.245218,0.350220,0.500279,0.056436,-0.138833,0.760871,0.874738,0.334044,-0.777381,0.096006,0.040332,0.315381,0.284528,-0.700804,-0.178608,0.835385,0.052020,-0.194873
0.842292,0.834901,0.090854,0.442585,0.813724,0.035587,0.015401,0.806348,0.346778,0.093516,0.040122,0.378767,0.847979,0.146464,0.088971,-0.242874,0.819872,0.405421,-0.193699,0.032055,0.787108,0.449155,-0.120411,0.804636,-0.021881,-0.752691,0.139482,0.326353,0.067446,-0.753750,0.834706,0.049798,0.293971,0.297474,0.802189,0.290805,0.286727,0.082678,0.802084,-0.669823,0.502451,0.274188,0.258585,-0.684007,0.347192,0.811965,-0.180625,0.559249,0.011193,0.301450,-0.634913,0.324159,0.380898,-0.712540,0.845055,0.039041,-0.760678,0.101264,0.793252,0.361748,0.835273,0.004270,0.841379,0.823008,0.423237,0.826290,0.756438,0.062356,-0.008425,-0.779995,0.852976,0.082756,0.268591,0.077478,0.824520,0.818180,0.834108,0.794860,0.266364,0.790365,-0.699662,-0.033915,0.250805,0.349472,0.498814,0.048207,-0.139576,0.756185,0.876091,0.330225,-0.777326,0.098196,0.043812,0.333071,0.288089,-0.704635,-0.183337,0.830440,0.042729,-0.197310
0.860809,0.836372,0.099706,0.440048,0.820422,0.040993,0.024494,0.806341,0.344048,0.099239,0.041750,0.382491,0.848778,0.147075,0.091565,-0.239367,0.819782,0.408494,-0.189993,0.027511,0.786761,0.451837,-0.119061,0.799321,-0.017639,-0.738410,0.142004,0.326063,0.070282,-0.752114,0.835076,0.064011,0.293743,0.289516,0.807052,0.286971,0.289439,0.088740,0.807760,-0.671598,0.501207,0.271420,0.256842,-0.690464,0.347953,0.824762,-0.188532,0.562001,0.011292,0.297473,-0.636884,0.310922,0.380501,-0.713307,0.845279,0.039225,-0.754483,0.096841,0.788467,0.366688,0.832159,0.010321,0.833101,0.827001,0.426672,0.815460,0.752288,0.069105,-0.007345,-0.765017,0.847654,0.069280,0.269180,0.079102,0.821451,0.822002,0.838635,0.798081,0.273405,0.790840,-0.703280,-0.039905,0.248062,0.355134,0.500061,0.037887,-0.138969,0.760834,0.874136,0.336018,-0.785216,0.097770,0.039435,0.315462,0.285445,-0.704797,-0.180844,0.835723,0.049829,-0.198484
0.862267,0.835314,0.100924,0.439676,0.816835,0.031558,0.020220,0.806337,0.346648,0.100167,0.041679,0.378655,0.848864,0.141728,0.088741,-0.243006,0.825671,0.408821,-0.193597,0.031751,0.786650,0.448996,-0.115854,0.804553,-0.017016,-0.750998,0.145145,0.326465,0.070893,-0.760332,0.847237,0.063611,0.291323,0.285756,0.802503,0.290779,0.290226,0.086108,0.802919,-0.671123,0.503312,0.269219,0.249041,-0.684204,0.353003,0.820019,-0.190952,0.564763,0.011283,0.296100,-0.641452,0.322069,0.380457,-0.701725,0.845100,0.042651,-0.754812,0.098417,0.786357,0.371350,0.834905,0.002342,0.832998,0.822166,0.429301,0.813424,0.756538,0.058460,-0.014820,-0.773501,0.848099,0.079454,0.269785,0.079195,0.826970,0.822026,0.838420,0.785503,0.273006,0.792784,-0.691707,-0.044783,0.247073,0.349988,0.499073,0.042768,-0.140322,0.754939,0.876398,0.328244,-0.777938,0.091540,0.032775,0.323790,0.282899,-0.701458,-0.180149,0.835760,0.051664,-0.195485
0.859205,0.834875,0.100332,0.439805,0.817392,0.031711,0.019888,0.806949,0.346562,0.092715,0.038185,0.382128,0.844229,0.142823,0.088935,-0.239201,0.825770,0.408699,-0.194611,0.032092,0.792581,0.448347,-0.113625,0.804578,-0.022480,-0.750138,0.139490,0.322971,0.068286,-0.745402,0.834851,0.060195,0.291036,0.283121,0.800220,0.281370,0.289205,0.089288,0.794361,-0.667364,0.501193,0.267543,0.242716,-0.693777,0.357099,0.820451,-0.182278,0.557561,0.010628,0.300188,-0.637856,0.323059,0.384398,-0.712371,0.844999,0.043014,-0.754919,0.101640,0.786289,0.375178,0.835798,0.002640,0.841561,0.832905,0.426823,0.824647,0.745460,0.069318,0.000580,-0.764986,0.852919,0.082351,0.277676,0.078136,0.811534,0.818505,0.838536,0.791017,0.274050,0.795987,-0.702995,-0.048839,0.244542,0.349278,0.499011,0.045906,-0.140710,0.756429,0.873654,0.329373,-0.783961,0.094814,0.038101,0.328707,0.284529,-0.697928,-0.177836,0.835615,0.053389,-0.194963
0.841897,0.835039,0.100048,0.438481,0.817514,0.031778,0.024303,0.805654,0.340928,0.093416,0.046779,0.381415,0.848421,0.150280,0.096913,-0.241331,0.815670,0.398613,-0.194985,0.027952,0.793294,0.450030,-0.111247,0.805250,-0.015918,-0.738127,0.135874,0.326119,0.064845,-0.744145,0.842817,0.063167,0.295181,0.285783,0.806718,0.286076,0.297174,0.089495,0.802497,-0.670377,0.503517,0.266752,0.237292,-0.686536,0.356570,0.821012,-0.180744,0.560108,0.016572,0.295604,-0.633758,0.310817,0.384724,-0.697567,0.847579,0.039569,-0.762427,0.101744,0.786129,0.377641,0.831939,0.010470,0.833414,0.827096,0.424699,0.820122,0.757277,0.066795,-0.006012,-0.764743,0.853386,0.073126,0.283169,0.078358,0.825974,0.808024,0.837389,0.794017,0.274938,0.795752,-0.703695,-0.052450,0.242552,0.349153,0.499959,0.045146,-0.139285,0.760170,0.880493,0.327202,-0.782034,0.103997,0.046631,0.333974,0.282701,-0.697380,-0.176866,0.830891,0.050676,-0.198659
0.856530,0.836140,0.100253,0.443264,0.814443,0.030854,0.024790,0.806575,0.341451,0.091900,0.045119,0.378377,0.844272,0.145828,0.092642,-0.241261,0.817280,0.404332,-0.188399,0.031287,0.793587,0.450299,-0.115232,0.804881,-0.016705,-0.747849,0.142249,0.323002,0.070751,-0.752698,0.847469,0.050329,0.293318,0.289867,0.799372,0.285752,0.294260,0.086025,0.804061,-0.667425,0.504539,0.265073,0.244754,-0.684125,0.356605,0.826637,-0.180231,0.563069,0.011591,0.295919,-0.640838,0.326684,0.388321,-0.701667,0.848157,0.041702,-0.761326,0.097525,0.786156,0.371611,0.835135,0.017466,0.841472,0.833119,0.422907,0.819363,0.757738,0.064602,-0.014539,-0.764765,0.836045,0.073163,0.282331,0.078326,0.827339,0.823789,0.834119,0.798125,0.277967,0.793691,-0.693645,-0.043250,0.244409,0.353386,0.495943,0.037494,-0.139745,0.756453,0.874322,0.334186,-0.784462,0.102573,0.040250,0.334332,0.284994,-0.694900,-0.177273,0.830859,0.040329,-0.198480
0.858580,0.839096,0.100870,0.439834,0.817728,0.029788,0.018378,0.806976,0.348247,0.093075,0.046957,0.378510,0.844949,0.152683,0.097087,-0.241826,0.825695,0.405439,-0.201340,0.031937,0.787428,0.447603,-0.112681,0.804701,-0.016742,-0.749027,0.136483,0.318297,0.054491,-0.753221,0.844263,0.062675,0.297243,0.297415,0.803541,0.291100,0.291972,0.089064,0.803018,-0.662159,0.506483,0.263706,0.250887,-0.683625,0.353783,0.821872,-0.180372,0.565569,0.011125,0.304854,-0.633965,0.322006,0.394498,-0.702695,0.845788,0.042568,-0.762231,0.098933,0.786307,0.375211,0.829050,0.017423,0.835532,0.833122,0.420996,0.819901,0.756966,0.052087,-0.007994,-0.772585,0.842058,0.079817,0.288809,0.078686,0.827928,0.811706,0.838232,0.793228,0.282280,0.791779,-0.692637,-0.046767,0.242798,0.355471,0.498742,0.049349,-0.139885,0.761330,0.874307,0.328271,-0.778931,0.110491,0.032554,0.334537,0.286006,-0.698228,-0.182441,0.830722,0.051634,-0.189921
0.842241,0.839231,0.090989,0.442824,0.817379,0.033437,0.024292,0.791099,0.346619,0.092117,0.038456,0.378419,0.848661,0.154303,0.092194,-0.241159,0.825543,0.398206,-0.201218,0.028257,0.792872,0.450974,-0.116872,0.805027,-0.014114,-0.751840,0.136338,0.322634,0.066166,-0.760576,0.835454,0.060251,0.293339,0.285695,0.803757,0.281803,0.291838,0.083347,0.802164,-0.663197,0.508009,0.265938,0.251389,-0.693223,0.353531,0.808835,-0.185173,0.558441,0.011522,0.294953,-0.642185,0.321770,0.392638,-0.712459,0.835771,0.042504,-0.750559,0.101583,0.786283,0.370704,0.830057,0.002782,0.841316,0.833358,0.420273,0.818752,0.757221,0.062260,-0.015122,-0.772276,0.843181,0.078437,0.287671,0.077291,0.821112,0.818856,0.838347,0.784572,0.275957,0.793196,-0.691956,-0.038725,0.242413,0.349788,0.498917,0.037643,-0.139828,0.754823,0.876684,0.329318,-0.784986,0.110136,0.042649,0.325467,0.280895,-0.700687,-0.189497,0.835830,0.053037,-0.189209
0.860509,0.836274,0.090760,0.439723,0.814207,0.036198,0.024247,0.805236,0.348543,0.099175,0.047562,0.382907,0.848890,0.159599,0.096433,-0.241709,0.825417,0.405626,-0.189723,0.027641,0.789267,0.448115,-0.116040,0.795909,-0.019274,-0.749237,0.142377,0.320260,0.064429,-0.761590,0.835008,0.059835,0.296602,0.290151,0.801901,0.283372,0.297470,0.082489,0.801894,-0.670616,0.509448,0.266280,0.253465,-0.696971,0.353751,0.819474,-0.181238,0.557314,0.010859,0.296106,-0.642331,0.308651,0.397459,-0.706561,0.833782,0.039575,-0.761718,0.101571,0.791240,0.366413,0.829959,0.017305,0.841435,0.833041,0.423630,0.825309,0.757991,0.070478,-0.008317,-0.773032,0.847882,0.082419,0.290359,0.076932,0.819571,0.825891,0.838406,0.782604,0.270417,0.792815,-0.691995,-0.032111,0.240653,0.353506,0.500044,0.049020,-0.139972,0.759664,0.875881,0.326863,-0.786259,0.109796,0.039164,0.314825,0.279054,-0.695238,-0.179634,0.830463,0.050456,-0.194047
0.857895,0.835546,0.094233,0.438845,0.817439,0.029241,0.016446,0.790087,0.344088,0.099512,0.038919,0.385694,0.839660,0.159479,0.089759,-0.241182,0.812373,0.395818,-0.201534,0.027310,0.779030,0.447582,-0.123903,0.803672,-0.021936,-0.750407,0.142470,0.320311,0.066563,-0.754968,0.844320,0.059766,0.293921,0.290503,0.806581,0.289961,0.297833,0.085278,0.802585,-0.664237,0.502619,0.265144,0.259745,-0.684456,0.358080,0.812465,-0.185517,0.560648,0.011099,0.296577,-0.640230,0.310026,0.402763,-0.705739,0.836900,0.039393,-0.755804,0.102004,0.789561,0.365782,0.834990,0.002469,0.841222,0.823602,0.421604,0.827361,0.756907,0.071730,0.000334,-0.773492,0.849073,0.082433,0.285164,0.078969,0.826988,0.821808,0.838264,0.781286,0.265769,0.796404,-0.701878,-0.026298,0.230675,0.349367,0.500171,0.037316,-0.139132,0.755015,0.873821,0.329443,-0.779278,0.101572,0.047013,0.327943,0.284074,-0.698327,-0.177580,0.833111,0.052912,-0.196309
0.862068,0.836104,0.094088,0.435993,0.816135,0.029802,0.024029,0.806020,0.342138,0.099258,0.046305,0.381448,0.843023,0.153008,0.087118,-0.242922,0.825167,0.404509,-0.201380,0.027295,0.790035,0.451094,-0.120176,0.798311,-0.020018,-0.751964,0.136678,0.322671,0.067608,-0.744738,0.835529,0.063025,0.299645,0.290422,0.803963,0.290858,0.291620,0.088902,0.802545,-0.670777,0.504710,0.265897,0.264029,-0.684469,0.357646,0.818216,-0.186208,0.563090,0.010731,0.289657,-0.642240,0.326579,0.399332,-0.705670,0.838020,0.041562,-0.754420,0.102042,0.786226,0.370075,0.835521,0.010567,0.833102,0.828519,0.424372,0.827126,0.749516,0.064798,-0.006100,-0.781699,0.842374,0.073689,0.281508,0.082666,0.821187,0.821900,0.838189,0.795517,0.272839,0.797168,-0.698671,-0.021487,0.234919,0.349532,0.495676,0.036801,-0.138789,0.756294,0.879714,0.336106,-0.785480,0.102535,0.048196,0.315383,0.284932,-0.694954,-0.189294,0.830642,0.050922,-0.194302
0.862442,0.835765,0.100168,0.437141,0.819691,0.030388,0.016454,0.798067,0.346556,0.093373,0.042229,0.373309,0.844791,0.146689,0.091720,-0.241402,0.819379,0.404865,-0.188401,0.027374,0.793011,0.450832,-0.123266,0.798646,-0.015417,-0.750598,0.142090,0.321673,0.067095,-0.753210,0.847823,0.064768,0.293751,0.297893,0.807512,0.287258,0.290670,0.085975,0.808123,-0.655178,0.503515,0.264579,0.267685,-0.683901,0.360678,0.820218,-0.190424,0.556283,0.016446,0.294967,-0.643450,0.322025,0.390857,-0.705707,0.840908,0.041640,-0.749129,0.101527,0.791126,0.373676,0.835867,0.002462,0.833191,0.830610,0.422362,0.827140,0.748840,0.070411,0.001964,-0.773489,0.849018,0.073360,0.280752,0.078867,0.820282,0.825950,0.837765,0.784051,0.279218,0.792191,-0.699366,-0.017073,0.238262,0.349725,0.495442,0.044789,-0.138789,0.761321,0.874466,0.330830,-0.786322,0.103138,0.048293,0.332974,0.273486,-0.700564,-0.184546,0.831064,0.051997,-0.191374
0.858132,0.836235,0.094528,0.439923,0.819808,0.029242,0.024621,0.806749,0.346855,0.099517,0.038134,0.367610,0.843683,0.152044,0.089102,-0.238961,0.825679,0.405926,-0.192064,0.031874,0.787214,0.453309,-0.120354,0.798559,-0.019722,-0.749207,0.145135,0.326324,0.070399,-0.744902,0.847168,0.060628,0.295297,0.290374,0.807750,0.285600,0.289692,0.085670,0.794680,-0.666157,0.501777,0.263807,0.270520,-0.696029,0.365116,0.817455,-0.191484,0.559456,0.011288,0.305026,-0.643484,0.324884,0.390417,-0.710139,0.837343,0.042110,-0.761130,0.096013,0.786130,0.371300,0.835961,0.002690,0.838504,0.828113,0.425375,0.827649,0.749329,0.063286,0.001500,-0.780793,0.842503,0.078032,0.277925,0.078643,0.820287,0.826120,0.834013,0.792528,0.274865,0.795110,-0.699501,-0.024727,0.240710,0.349252,0.499281,0.049509,-0.138787,0.754971,0.879627,0.336152,-0.778720,0.101564,0.048406,0.334608,0.283643,-0.701112,-0.178742,0.832755,0.053642,-0.191640
0.841747,0.835296,0.100344,0.438744,0.814206,0.035739,0.020010,0.797886,0.341909,0.092415,0.037771,0.362688,0.848328,0.145829,0.096234,-0.239023,0.826075,0.396059,-0.191941,0.027894,0.789219,0.449086,-0.116758,0.797827,-0.014985,-0.748967,0.142382,0.326991,0.067540,-0.748876,0.846881,0.060100,0.291011,0.297863,0.802579,0.285290,0.289833,0.085523,0.803539,-0.670092,0.504178,0.262248,0.272088,-0.684755,0.362834,0.807789,-0.187002,0.562307,0.014375,0.299985,-0.640603,0.324622,0.390187,-0.710583,0.839963,0.042410,-0.759730,0.098621,0.788324,0.374964,0.824505,0.004326,0.838535,0.827577,0.427617,0.827829,0.756258,0.070568,-0.015256,-0.779421,0.850189,0.078142,0.277888,0.079572,0.820261,0.826222,0.834111,0.783570,0.274469,0.793302,-0.699314,-0.020035,0.243045,0.349196,0.498658,0.046596,-0.138721,0.754853,0.880716,0.329174,-0.784864,0.102692,0.040865,0.325620,0.284395,-0.697477,-0.177551,0.830432,0.040326,-0.195130
0.856798,0.834575,0.094110,0.439885,0.817237,0.041128,0.024034,0.806565,0.346199,0.099604,0.044238,0.365336,0.844065,0.146396,0.092982,-0.241267,0.817282,0.398008,-0.194927,0.027404,0.790135,0.452218,-0.114625,0.801564,-0.019857,-0.758082,0.139163,0.318167,0.066661,-0.742144,0.846968,0.062360,0.296853,0.285785,0.806630,0.286398,0.293041,0.085648,0.806384,-0.670844,0.506591,0.263611,0.260943,-0.679944,0.361440,0.818436,-0.191672,0.555420,0.011102,0.289740,-0.639903,0.323982,0.389899,-0.706192,0.844145,0.043544,-0.761600,0.095671,0.789050,0.371645,0.822887,0.017115,0.838475,0.833056,0.424628,0.815994,0.747533,0.064976,-0.000789,-0.782079,0.847870,0.078129,0.269512,0.077491,0.826753,0.826083,0.833957,0.782536,0.278253,0.794792,-0.699409,-0.017761,0.244693,0.349676,0.499154,0.049452,-0.138691,0.756115,0.875932,0.327826,-0.778158,0.101526,0.047209,0.328095,0.281567,-0.690306,-0.183462,0.830496,0.039454,-0.196903
0.841871,0.836016,0.100552,0.439537,0.813965,0.042656,0.015833,0.791442,0.341947,0.092240,0.042513,0.372460,0.843381,0.147164,0.092201,-0.249260,0.825509,0.395141,-0.194004,0.024221,0.789802,0.450779,-0.118493,0.804569,-0.017396,-0.750577,0.145176,0.319387,0.066729,-0.743921,0.847386,0.049817,0.294338,0.290470,0.803680,0.284233,0.292165,0.085485,0.802458,-0.668910,0.508110,0.271459,0.264971,-0.695654,0.365548,0.826096,-0.189895,0.549754,0.003210,0.296580,-0.641878,0.327482,0.395771,-0.697059,0.844896,0.039692,-0.761704,0.098677,0.791415,0.368862,0.822475,0.004347,0.833807,0.830547,0.427341,0.818778,0.747276,0.058284,-0.006162,-0.779913,0.852956,0.078005,0.270252,0.077491,0.821996,0.825879,0.837542,0.782569,0.279248,0.795897,-0.702914,-0.025716,0.243463,0.349316,0.495913,0.053930,-0.140228,0.755233,0.880429,0.329272,-0.777809,0.094570,0.034478,0.314991,0.289690,-0.696305,-0.183010,0.830021,0.042044,-0.198831
0.860994,0.838368,0.094564,0.436039,0.817142,0.034389,0.021205,0.805463,0.347935,0.092066,0.036817,0.370458,0.848104,0.153707,0.087356,-0.242078,0.815262,0.403747,-0.194644,0.027230,0.790177,0.450220,-0.126040,0.804423,-0.015876,-0.752791,0.136370,0.322243,0.067062,-0.752564,0.844016,0.063566,0.291404,0.297399,0.803850,0.286730,0.292829,0.085564,0.803488,-0.667266,0.508896,0.269624,0.264874,-0.696191,0.367290,0.821425,-0.182070,0.544400,0.014090,0.301743,-0.642433,0.321867,0.393034,-0.711697,0.838953,0.044607,-0.761216,0.098471,0.788431,0.367125,0.828786,0.010920,0.841344,0.828610,0.425278,0.825701,0.746899,0.051609,-0.006656,-0.781908,0.850590,0.079553,0.270893,0.077264,0.827029,0.818136,0.834083,0.795735,0.280148,0.796723,-0.695447,-0.024856,0.241900,0.355267,0.499705,0.046454,-0.140005,0.759778,0.880913,0.334866,-0.777876,0.088640,0.038702,0.327411,0.286012,-0.695568,-0.184463,0.830511,0.050188,-0.195114
0.858798,0.835329,0.100637,0.438685,0.817245,0.026344,0.015716,0.806167,0.344259,0.092890,0.041592,0.375789,0.839572,0.155715,0.088820,-0.249610,0.825566,0.403740,-0.201634,0.027558,0.791391,0.452685,-0.123173,0.799737,-0.020034,-0.752769,0.145289,0.318154,0.067662,-0.753891,0.835001,0.059898,0.293674,0.290279,0.800496,0.290993,0.291291,0.085646,0.808140,-0.663790,0.506674,0.270167,0.269123,-0.684283,0.365043,0.820999,-0.185628,0.540181,0.011269,0.298156,-0.642491,0.319482,0.395021,-0.697344,0.843794,0.039351,-0.761611,0.097170,0.785984,0.365673,0.823633,0.010550,0.833605,0.822492,0.423740,0.827092,0.748733,0.069053,0.001675,-0.764641,0.848358,0.073625,0.263783,0.078754,0.822935,0.822140,0.833663,0.790744,0.274467,0.790269,-0.690351,-0.019791,0.242280,0.354212,0.495782,0.054021,-0.139084,0.761364,0.880332,0.328705,-0.776661,0.092082,0.044225,0.327674,0.282838,-0.695451,-0.189821,0.833020,0.050312,-0.198580
0.842294,0.835521,0.099973,0.438617,0.820304,0.030373,0.024473,0.806296,0.341441,0.091986,0.040352,0.368855,0.843326,0.159202,0.088923,-0.239806,0.819628,0.405407,-0.194382,0.031759,0.789843,0.450943,-0.126422,0.804556,-0.017222,-0.758859,0.139844,0.321937,0.067747,-0.742536,0.847517,0.062996,0.299734,0.290015,0.799253,0.287578,0.292584,0.083162,0.806628,-0.661705,0.508614,0.277178,0.261687,-0.683844,0.362074,0.823578,-0.191591,0.536253,0.014534,0.296688,-0.642288,0.310934,0.386789,-0.711744,0.837758,0.042462,-0.750414,0.102608,0.789086,0.364509,0.833740,0.004211,0.841199,0.830676,0.422374,0.820668,0.748595,0.064652,-0.015098,-0.772908,0.847003,0.082612,0.270273,0.077944,0.827890,0.819018,0.833878,0.782843,0.275919,0.791279,-0.695447,-0.015294,0.241489,0.349678,0.495259,0.056639,-0.138820,0.755068,0.874568,0.334271,-0.776633,0.094523,0.040388,0.324568,0.279416,-0.691240,-0.181613,0.830304,0.051899,-0.195606
0.860615,0.838771,0.100130,0.439328,0.819513,0.023098,0.016250,0.798616,0.346651,0.091660,0.038088,0.375259,0.843766,0.152039,0.092077,-0.238904,0.817511,0.405742,-0.192087,0.028138,0.788695,0.446828,-0.124647,0.804811,-0.014598,-0.753183,0.136816,0.325658,0.067103,-0.741265,0.846969,0.059759,0.300086,0.283229,0.801532,0.285609,0.286909,0.082599,0.794681,-0.663393,0.509185,0.273496,0.262221,-0.687306,0.365987,0.813255,-0.191387,0.537888,0.011425,0.300183,-0.634577,0.325136,0.385674,-0.706243,0.838031,0.039093,-0.748711,0.101859,0.788387,0.363948,0.832208,0.004705,0.835712,0.822232,0.420397,0.826166,0.745493,0.061722,-0.016148,-0.764540,0.848515,0.082622,0.277857,0.082635,0.811145,0.817591,0.834101,0.790578,0.265654,0.795508,-0.690362,-0.013541,0.241934,0.349675,0.499052,0.044049,-0.139631,0.756236,0.875629,0.337100,-0.783821,0.088925,0.044381,0.333484,0.289570,-0.694470,-0.189369,0.830873,0.042850,-0.195269
0.842149,0.836769,0.100405,0.434787,0.817054,0.023936,0.024295,0.790332,0.345990,0.099016,0.038081,0.380879,0.848451,0.146334,0.097129,-0.238485,0.819427,0.404384,-0.194926,0.028795,0.789043,0.447174,-0.121578,0.804509,-0.014832,-0.752236,0.138789,0.322352,0.064550,-0.743776,0.843682,0.062857,0.296322,0.285782,0.802536,0.285402,0.292272,0.085226,0.803205,-0.661474,0.509945,0.270989,0.260652,-0.692360,0.369086,0.825286,-0.191249,0.543045,0.016476,0.298018,-0.633580,0.327724,0.391613,-0.705660,0.845982,0.041254,-0.759201,0.102073,0.786038,0.360018,0.831003,0.002374,0.835193,0.832802,0.423810,0.827058,0.749049,0.071324,-0.016434,-0.781497,0.847894,0.082227,0.274371,0.082554,0.819488,0.826012,0.833956,0.797642,0.256528,0.796086,-0.701959,-0.021535,0.241523,0.349389,0.498258,0.043002,-0.138990,0.761011,0.874297,0.328738,-0.785079,0.090476,0.044606,0.325868,0.286151,-0.695157,-0.181547,0.830783,0.047925,-0.189977
0.856480,0.834974,0.100745,0.435531,0.819617,0.028570,0.024103,0.797440,0.348404,0.099596,0.040948,0.385324,0.848959,0.141063,0.088143,-0.242340,0.825333,0.395971,-0.201741,0.027343,0.786392,0.447421,-0.118136,0.804357,-0.016587,-0.750960,0.141903,0.321493,0.067519,-0.748763,0.843990,0.059926,0.293267,0.290092,0.802018,0.284247,0.291203,0.089424,0.800203,-0.665933,0.509032,0.270238,0.254590,-0.684320,0.359539,0.827251,-0.181850,0.548217,0.011342,0.296192,-0.642093,0.325770,0.397017,-0.702592,0.838399,0.044583,-0.755469,0.100648,0.793285,0.357614,0.835306,0.002697,0.841165,0.823402,0.422162,0.820352,0.756409,0.058521,-0.017644,-0.781024,0.842476,0.076610,0.271667,0.083111,0.826558,0.821831,0.838315,0.784738,0.262356,0.796965,-0.699788,-0.016852,0.241740,0.355080,0.500005,0.042894,-0.138816,0.756208,0.875829,0.329923,-0.783118,0.100580,0.047486,0.327579,0.283032,-0.691122,-0.184071,0.833315,0.050234,-0.197730
0.861912,0.835805,0.091471,0.438475,0.819883,0.029298,0.015979,0.806413,0.348805,0.099993,0.047900,0.387637,0.844765,0.136859,0.095925,-0.241632,0.825589,0.408529,-0.189586,0.024131,0.789181,0.447009,-0.125463,0.799080,-0.017653,-0.738079,0.139199,0.321544,0.067217,-0.748921,0.844638,0.060290,0.293292,0.289219,0.801950,0.286000,0.297049,0.085930,0.799914,-0.663759,0.509381,0.269293,0.259835,-0.695793,0.362398,0.818515,-0.190064,0.552389,0.002607,0.289705,-0.637821,0.319546,0.394229,-0.712100,0.841120,0.039197,-0.749515,0.101583,0.791445,0.363451,0.832360,0.011164,0.841015,0.827346,0.421424,0.825873,0.748813,0.061464,-0.016274,-0.781333,0.848931,0.078118,0.268894,0.082968,0.822876,0.817474,0.838855,0.792428,0.263369,0.790745,-0.698560,-0.024475,0.231588,0.349866,0.499035,0.045457,-0.139672,0.756673,0.876080,0.332361,-0.779338,0.101815,0.040395,0.325820,0.284863,-0.694149,-0.180794,0.830577,0.051924,-0.194809
0.841949,0.834994,0.094212,0.436807,0.819870,0.028951,0.019752,0.790401,0.348526,0.099323,0.041545,0.383150,0.839577,0.133614,0.089011,-0.242781,0.812416,0.398247,-0.194336,0.027617,0.786682,0.445170,-0.121853,0.803988,-0.015799,-0.736784,0.138812,0.322474,0.067773,-0.755391,0.844031,0.060224,0.293579,0.297824,0.799399,0.284929,0.293057,0.089193,0.794199,-0.667670,0.502039,0.276976,0.251753,-0.688187,0.357576,0.823080,-0.191116,0.546596,0.013611,0.297839,-0.637796,0.324815,0.396643,-0.713578,0.838847,0.041230,-0.759451,0.102320,0.791678,0.363119,0.830438,0.017418,0.835136,0.822347,0.420095,0.815561,0.757350,0.062321,-0.017634,-0.781469,0.853307,0.082281,0.266868,0.079245,0.823747,0.823059,0.834520,0.797859,0.264125,0.790064,-0.698442,-0.019672,0.233977,0.353371,0.495644,0.046894,-0.139032,0.761108,0.880047,0.335156,-0.785862,0.095006,0.033176,0.325227,0.273711,-0.700315,-0.183290,0.833327,0.051054,-0.194884
0.856738,0.838991,0.100733,0.435581,0.813740,0.023193,0.016065,0.805714,0.346176,0.098827,0.031426,0.379496,0.844610,0.138966,0.095980,-0.249454,0.825041,0.403679,-0.191922,0.027844,0.788342,0.448779,-0.118618,0.798867,-0.020301,-0.750846,0.144629,0.321135,0.070506,-0.744557,0.843511,0.060091,0.299582,0.288916,0.800334,0.284032,0.292473,0.089491,0.805453,-0.655424,0.502547,0.276865,0.251201,-0.686613,0.362688,0.821883,-0.191785,0.546601,0.011120,0.300899,-0.637830,0.308583,0.393485,-0.711206,0.840163,0.042947,-0.750059,0.101776,0.788400,0.367603,0.830872,0.016988,0.837934,0.833060,0.419309,0.813051,0.757261,0.062358,-0.016651,-0.781513,0.852794,0.078133,0.267410,0.078143,0.810396,0.817784,0.834440,0.793219,0.269901,0.795697,-0.696636,-0.015837,0.225650,0.349692,0.494944,0.037092,-0.140315,0.754854,0.877060,0.337196,-0.779637,0.095240,0.037970,0.325269,0.278666,-0.700956,-0.189752,0.830638,0.050839,-0.198592
0.861959,0.835848,0.094554,0.435957,0.816211,0.018691,0.017791,0.798373,0.347975,0.099277,0.037419,0.383034,0.843945,0.146995,0.089135,-0.239396,0.825682,0.404430,-0.194180,0.027806,0.778579,0.450275,-0.122271,0.803795,-0.020792,-0.749659,0.138758,0.317677,0.070696,-0.752573,0.843069,0.059675,0.293179,0.297532,0.803951,0.290406,0.292723,0.089135,0.803495,-0.662078,0.501218,0.274291,0.257072,-0.693908,0.361322,0.826695,-0.186822,0.551084,0.010958,0.296754,-0.637475,0.321905,0.385584,-0.710731,0.845983,0.042676,-0.753085,0.101949,0.786437,0.365908,0.831800,0.016992,0.833458,0.822643,0.418034,0.824505,0.756829,0.066380,-0.009008,-0.779492,0.853389,0.069038,0.268223,0.082678,0.821680,0.821292,0.834302,0.797801,0.275211,0.793291,-0.696378,-0.012046,0.229120,0.349488,0.495569,0.042145,-0.140758,0.760928,0.873515,0.331145,-0.784581,0.095504,0.032800,0.333677,0.288821,-0.697694,-0.190533,0.830813,0.050343,-0.195469
0.862403,0.839132,0.100460,0.442496,0.817629,0.027378,0.024380,0.790311,0.341574,0.099359,0.047237,0.382360,0.839258,0.147191,0.091264,-0.241458,0.825024,0.405496,-0.189779,0.027839,0.787275,0.451512,-0.119679,0.803013,-0.017958,-0.750680,0.135754,0.322343,0.067403,-0.753866,0.843911,0.064151,0.299499,0.297695,0.803949,0.291239,0.297339,0.089532,0.803269,-0.663061,0.495491,0.274917,0.261263,-0.687943,0.359464,0.818243,-0.191901,0.550693,0.011005,0.289918,-0.638565,0.326901,0.391977,-0.706224,0.836047,0.042953,-0.759857,0.102021,0.791196,0.365342,0.831824,0.010282,0.833117,0.826913,0.416207,0.826801,0.747452,0.062537,-0.007710,-0.779184,0.842574,0.079638,0.269523,0.078178,0.821982,0.811163,0.834519,0.798751,0.278436,0.792891,-0.690866,-0.009020,0.222010,0.349508,0.500074,0.048934,-0.139308,0.761587,0.876525,0.327716,-0.784996,0.097440,0.043458,0.331573,0.290604,-0.697490,-0.184329,0.830053,0.053268,-0.189733
0.858255,0.838869,0.099904,0.439456,0.814441,0.027126,0.020090,0.806037,0.344143,0.099301,0.041385,0.385728,0.843196,0.149735,0.089028,-0.239081,0.824802,0.404677,-0.194086,0.027592,0.788452,0.447517,-0.123129,0.804417,-0.016862,-0.750794,0.144749,0.326469,0.053863,-0.753853,0.834987,0.060249,0.291148,0.289208,0.801923,0.281742,0.287272,0.085676,0.806704,-0.661403,0.497463,0.274637,0.265565,-0.687383,0.358416,0.823149,-0.187121,0.554913,0.011026,0.298324,-0.642012,0.319536,0.394511,-0.697409,0.836464,0.039658,-0.749719,0.097355,0.789407,0.364020,0.832010,0.017102,0.841523,0.822530,0.414592,0.826910,0.748819,0.064298,-0.015101,-0.772498,0.847781,0.073644,0.267835,0.077429,0.826970,0.811640,0.834389,0.798999,0.281230,0.796552,-0.702855,-0.017990,0.215841,0.349457,0.499179,0.046795,-0.138878,0.761395,0.880065,0.327769,-0.777873,0.099480,0.047639,0.315594,0.285636,-0.702997,-0.180965,0.830128,0.050826,-0.194596
0.862247,0.835314,0.094015,0.438768,0.820447,0.026946,0.023946,0.806394,0.342182,0.099152,0.038126,0.387946,0.848138,0.151537,0.086716,-0.248868,0.811951,0.395787,-0.194759,0.028024,0.792484,0.448008,-0.119345,0.805007,-0.019866,-0.738257,0.142465,0.326844,0.065739,-0.753334,0.844533,0.049411,0.290929,0.283280,0.807709,0.284239,0.291551,0.085221,0.803887,-0.662807,0.500743,0.275030,0.265651,-0.687653,0.361521,0.817462,-0.191054,0.558485,0.016925,0.300210,-0.634900,0.323967,0.392282,-0.704495,0.837153,0.042792,-0.759394,0.101857,0.789456,0.361117,0.828193,0.010464,0.832851,0.830812,0.412925,0.819824,0.747531,0.069371,-0.016197,-0.764790,0.853287,0.082831,0.273868,0.082464,0.822431,0.818260,0.833931,0.784402,0.285199,0.790990,-0.699823,-0.025371,0.223103,0.355052,0.499574,0.045241,-0.138825,0.756024,0.877020,0.334423,-0.777754,0.098335,0.040982,0.327154,0.285111,-0.691191,-0.189222,0.826374,0.052683,-0.194350
0.842292,0.836232,0.100124,0.442750,0.819906,0.026539,0.016010,0.806441,0.341809,0.091430,0.031020,0.378933,0.848927,0.157216,0.092448,-0.243546,0.819181,0.405457,-0.189796,0.031901,0.789823,0.444710,-0.122704,0.796494,-0.020197,-0.750711,0.136414,0.326983,0.067081,-0.744309,0.844470,0.062540,0.293433,0.290259,0.807119,0.285381,0.294264,0.082657,0.806644,-0.669766,0.503788,0.274409,0.263530,-0.687357,0.359816,0.816445,-0.191362,0.561881,0.003404,0.289717,-0.641305,0.324242,0.397569,-0.702504,0.840649,0.039475,-0.762853,0.100487,0.786305,0.358042,0.823582,0.004399,0.833359,0.827549,0.412163,0.819358,0.748712,0.071947,-0.008193,-0.779640,0.849095,0.073633,0.266442,0.078522,0.821937,0.807704,0.837726,0.796187,0.287212,0.791239,-0.698451,-0.031707,0.227373,0.354085,0.499457,0.037019,-0.139742,0.756125,0.877094,0.328129,-0.784799,0.092570,0.039096,0.333952,0.289361,-0.694300,-0.177892,0.829746,0.052434,-0.191427
0.860594,0.835978,0.099431,0.435622,0.817455,0.033376,0.019738,0.798304,0.344087,0.092659,0.035341,0.376239,0.848496,0.155649,0.091612,-0.238948,0.812132,0.404787,-0.193793,0.027191,0.786561,0.448104,-0.119217,0.803667,-0.022453,-0.751079,0.145143,0.318356,0.070473,-0.753356,0.835312,0.059471,0.292907,0.290231,0.801775,0.287264,0.291717,0.088334,0.802097,-0.664482,0.505275,0.273301,0.254054,-0.696557,0.358855,0.826263,-0.186824,0.555227,0.010180,0.301540,-0.634846,0.325855,0.396290,-0.702677,0.838868,0.042529,-0.762118,0.100262,0.791114,0.364201,0.834127,0.017099,0.832811,0.833116,0.416709,0.819125,0.757099,0.063117,-0.007217,-0.764629,0.853312,0.069163,0.259374,0.077825,0.821248,0.818623,0.837447,0.784239,0.284871,0.790204,-0.703783,-0.027960,0.219840,0.349656,0.499156,0.044194,-0.139885,0.761109,0.876137,0.329389,-0.781859,0.095224,0.039151,0.334072,0.283123,-0.697071,-0.183177,0.826237,0.053408,-0.189245
0.841940,0.838975,0.094452,0.435711,0.819743,0.032255,0.023969,0.805457,0.344045,0.090890,0.037145,0.369726,0.839565,0.150091,0.097007,-0.241074,0.824606,0.404064,-0.188465,0.028899,0.789718,0.452298,-0.116371,0.804732,-0.022731,-0.758606,0.142298,0.319648,0.068021,-0.753734,0.847140,0.062892,0.291021,0.297596,0.803577,0.287024,0.294103,0.083061,0.799963,-0.663783,0.498492,0.272769,0.253275,-0.692349,0.355542,0.821995,-0.181263,0.549243,0.003191,0.289684,-0.637885,0.311042,0.393998,-0.709563,0.838194,0.043002,-0.750309,0.098711,0.786178,0.368494,0.831036,0.010283,0.841306,0.827537,0.414892,0.819160,0.748260,0.061626,-0.015001,-0.772242,0.835520,0.082685,0.261776,0.078032,0.823476,0.826014,0.837978,0.790885,0.289272,0.789869,-0.693121,-0.022507,0.214371,0.355016,0.498938,0.055578,-0.139929,0.761691,0.873777,0.329451,-0.778097,0.097038,0.039525,0.325547,0.287615,-0.704126,-0.178328,0.835637,0.042909,-0.194027
