0.739348,0.512710,-0.017159,0.115153,0.578726,0.111433,-0.121523,0.951640,-0.009872,-0.149881,-0.535995,-0.979461,0.467094,-0.329901,-0.663201,-0.719613,0.072641,0.390761,-0.827395,0.797848,-0.186581,0.103373,-0.522242,-0.717829,0.682528,0.035979,-0.992193,0.166555,0.435537,-0.283378,-0.229768,0.353757,-0.352594,-0.381653,-0.079976,-0.011442,-0.297250,0.742086,0.735767,-0.523730,-0.442031,0.648136,0.331752,0.576092,-0.091233,0.917779,-0.692276,-0.838244,0.772708,-0.627190,0.796597,-0.813068,-0.417667,0.585379,0.610773,-0.084266,-0.913487,0.407871,-0.446182,-0.862119,0.709246,0.746090,0.795503,0.003588,0.909020,0.707464,0.162734,-0.799355,-0.631752,-0.894162,-0.286416,-0.574818,-0.165150,-0.289047,0.118567,-0.249220,0.448191,-0.719091,-0.626179,0.426271,-0.318652,0.638075,-0.079667,0.590921,-0.908627,0.473787,-0.705501,0.782274,-0.138875,-0.794904,-0.610577,-0.856752,-0.937038,0.531763,0.312336,-0.429780,-0.100677,-0.160326,-0.452272,-0.708681
0.488411,0.357589,0.166410,0.164088,0.513887,0.156571,0.069601,0.766460,0.194377,-0.019837,-0.133942,-0.427941,0.384834,-0.023673,-0.227885,-0.509382,0.137544,0.383989,-0.649579,0.611604,-0.035343,0.237556,-0.156299,-0.197512,0.388391,0.184023,-0.358292,0.279739,0.371375,-0.196197,-0.027957,0.267039,-0.004496,-0.288895,-0.013899,0.070863,-0.275702,0.446871,0.587546,-0.407802,-0.103141,0.541460,0.242428,0.505882,0.101042,0.548845,-0.222032,-0.420878,0.521161,-0.482612,0.637427,-0.328803,-0.175974,0.490064,0.497357,0.075884,-0.223463,0.255327,-0.439980,-0.368762,0.542787,0.491761,0.506748,0.093790,0.689328,0.498649,0.259632,-0.282537,-0.151205,-0.403012,-0.144642,-0.259646,0.022232,-0.094344,0.268909,-0.001239,0.390307,-0.281514,-0.182590,0.311226,0.051924,0.390232,-0.073046,0.490520,-0.429609,0.385850,-0.302538,0.558221,0.097121,-0.320931,-0.266677,-0.339214,-0.272144,0.445240,0.391182,-0.028331,-0.092692,-0.025459,-0.175993,-0.528014
0.380349,0.314247,0.270967,0.221018,0.490935,0.210527,0.188995,0.633597,0.316065,0.070152,0.113032,-0.116127,0.337216,0.196225,0.019700,-0.324023,0.198576,0.383603,-0.484284,0.532697,0.059042,0.324509,0.052967,0.064938,0.277596,0.283084,-0.026773,0.330757,0.341896,-0.122531,0.088479,0.249199,0.195349,-0.208846,0.044260,0.140615,-0.233206,0.325869,0.500487,-0.300255,0.078121,0.498927,0.208823,0.456133,0.216863,0.393377,0.020931,-0.196646,0.387184,-0.373392,0.566168,-0.070781,-0.003263,0.466961,0.472046,0.168655,0.137069,0.197595,-0.403255,-0.118783,0.418568,0.389414,0.383103,0.166218,0.538595,0.396592,0.317482,0.008664,0.094096,-0.105501,-0.017746,-0.053689,0.126968,0.019036,0.352618,0.135318,0.400920,-0.022002,0.055759,0.241436,0.250260,0.308193,-0.051332,0.447432,-0.149519,0.348909,-0.040344,0.473068,0.220000,-0.071225,-0.052480,-0.069248,0.064990,0.415897,0.434233,0.177796,-0.058473,0.088087,-0.003867,-0.376951
0.337531,0.318862,0.336324,0.265256,0.489198,0.251237,0.270780,0.537954,0.386582,0.134635,0.263521,0.062742,0.307794,0.336685,0.165080,-0.167477,0.240435,0.396847,-0.339902,0.503020,0.112934,0.376452,0.168403,0.202844,0.253242,0.337801,0.149755,0.358823,0.333761,-0.050681,0.160436,0.263186,0.306958,-0.142780,0.094286,0.191033,-0.187080,0.285384,0.438940,-0.213493,0.178856,0.485904,0.203514,0.421145,0.295923,0.335262,0.146602,-0.073114,0.325189,-0.287888,0.533764,0.060354,0.114883,0.463874,0.469231,0.221316,0.319265,0.182377,-0.360644,0.023036,0.332814,0.358499,0.332490,0.225423,0.436154,0.357635,0.354065,0.180801,0.231418,0.076173,0.089986,0.077644,0.187445,0.078502,0.395748,0.215692,0.427912,0.137131,0.193331,0.193757,0.356933,0.283373,-0.019138,0.424992,0.019109,0.355338,0.117468,0.444256,0.287404,0.064234,0.079517,0.084850,0.239634,0.413071,0.461684,0.285872,-0.007539,0.152149,0.109911,-0.249837
0.322757,0.328784,0.372741,0.295582,0.498568,0.284518,0.322871,0.465540,0.427397,0.175879,0.355206,0.163378,0.293343,0.424407,0.250139,-0.038212,0.274955,0.414494,-0.212413,0.502097,0.149932,0.409893,0.236952,0.274380,0.246434,0.365735,0.240103,0.380959,0.335110,0.013498,0.205557,0.275328,0.373986,-0.087239,0.137547,0.235389,-0.137633,0.276143,0.401877,-0.145056,0.233132,0.481859,0.206939,0.394234,0.347358,0.318191,0.207977,-0.000468,0.297063,-0.214198,0.522406,0.132875,0.195489,0.470528,0.473848,0.256010,0.420139,0.187681,-0.311879,0.102797,0.272857,0.355775,0.317024,0.269159,0.358952,0.339186,0.378417,0.279121,0.307126,0.187472,0.182741,0.161483,0.227112,0.116845,0.424768,0.263366,0.453794,0.236809,0.270552,0.163228,0.409498,0.281214,0.017153,0.418604,0.116642,0.366527,0.217774,0.444080,0.327404,0.133346,0.163952,0.169693,0.326542,0.416157,0.480176,0.344267,0.044131,0.205338,0.177636,-0.143412
0.321077,0.339938,0.395572,0.321136,0.511084,0.310048,0.358328,0.412914,0.452704,0.202853,0.412678,0.222124,0.286041,0.477608,0.299280,0.070098,0.299310,0.434701,-0.110292,0.507572,0.173412,0.431557,0.276279,0.311988,0.258754,0.383858,0.293664,0.394430,0.341027,0.070067,0.235172,0.290731,0.416532,-0.035102,0.170793,0.272074,-0.089842,0.281381,0.375672,-0.082049,0.263468,0.486141,0.211494,0.377811,0.380211,0.317149,0.245029,0.045953,0.283364,-0.152652,0.518478,0.172983,0.251089,0.476740,0.479094,0.278439,0.477326,0.198416,-0.269408,0.145613,0.232374,0.361114,0.311260,0.299092,0.304124,0.339645,0.395582,0.335750,0.347517,0.255490,0.263676,0.210147,0.251899,0.140306,0.442559,0.293658,0.475667,0.290644,0.314533,0.146827,0.445406,0.292541,0.056134,0.414502,0.174437,0.379522,0.276838,0.451041,0.353818,0.175297,0.220235,0.218855,0.375784,0.423373,0.491883,0.377518,0.096120,0.241559,0.219205,-0.057270
0.324014,0.350250,0.406375,0.335719,0.523829,0.323205,0.378531,0.374987,0.468567,0.219579,0.447658,0.257913,0.282588,0.508934,0.331974,0.159925,0.316776,0.453926,-0.025150,0.512129,0.192113,0.444605,0.301978,0.332747,0.267152,0.395515,0.323685,0.403679,0.347240,0.116843,0.253845,0.303315,0.440630,0.007345,0.198342,0.299101,-0.042345,0.285951,0.359521,-0.030462,0.281165,0.493712,0.218736,0.365074,0.396366,0.319886,0.265016,0.075641,0.273807,-0.100958,0.522169,0.197132,0.285515,0.485810,0.483515,0.294623,0.509493,0.209865,-0.227808,0.171468,0.203588,0.369297,0.315887,0.320003,0.264676,0.343297,0.407374,0.369675,0.370873,0.297616,0.329137,0.243155,0.266708,0.155668,0.454068,0.313507,0.489289,0.329930,0.340584,0.137024,0.469154,0.304323,0.095182,0.416099,0.212408,0.384105,0.318457,0.458432,0.368016,0.201750,0.255583,0.247042,0.403713,0.429024,0.500602,0.397710,0.142335,0.260620,0.245861,0.016888
0.328271,0.357224,0.414139,0.349072,0.535868,0.337655,0.394074,0.345582,0.480174,0.230661,0.468080,0.279450,0.275773,0.528150,0.349556,0.234633,0.328351,0.473126,0.045388,0.519112,0.203191,0.453193,0.315846,0.343042,0.278447,0.403125,0.342790,0.410920,0.356735,0.156432,0.265142,0.310939,0.456340,0.042777,0.224485,0.318555,0.001419,0.292537,0.346453,0.012598,0.290177,0.498134,0.224263,0.358315,0.412728,0.330445,0.272875,0.096046,0.275100,-0.058372,0.525363,0.210171,0.312151,0.491721,0.487108,0.304943,0.526467,0.218357,-0.191287,0.183789,0.182764,0.375985,0.319867,0.334905,0.234193,0.347101,0.415852,0.390661,0.385070,0.324145,0.382324,0.261654,0.277374,0.166905,0.463064,0.325805,0.499086,0.351734,0.355195,0.132698,0.478235,0.312566,0.132255,0.416566,0.232449,0.399145,0.345731,0.466302,0.376358,0.218258,0.278901,0.262513,0.419139,0.434822,0.504047,0.408925,0.182323,0.278981,0.264508,0.075479
0.334791,0.363171,0.418012,0.358593,0.543937,0.346766,0.400939,0.322953,0.482428,0.236064,0.481728,0.292155,0.279995,0.540059,0.362553,0.297759,0.338466,0.489435,0.104834,0.521760,0.213265,0.458229,0.326922,0.350708,0.287502,0.403694,0.354686,0.415630,0.365394,0.189985,0.271528,0.316473,0.465626,0.074848,0.241710,0.333772,0.040855,0.297208,0.339058,0.049458,0.297262,0.503953,0.227840,0.354067,0.423468,0.339017,0.278350,0.107720,0.275953,-0.023596,0.528919,0.217323,0.330698,0.496061,0.490014,0.309684,0.536653,0.226575,-0.162027,0.193173,0.167009,0.383953,0.323213,0.344862,0.214233,0.351430,0.422469,0.403334,0.392625,0.341423,0.425630,0.273898,0.285292,0.173605,0.466568,0.334578,0.505734,0.371945,0.364338,0.130909,0.490602,0.318886,0.166032,0.417659,0.243416,0.408088,0.364041,0.473744,0.386672,0.226857,0.294391,0.275323,0.426810,0.439468,0.509668,0.417177,0.214446,0.291326,0.275328,0.126854
0.338360,0.364948,0.417764,0.364677,0.553683,0.353784,0.410208,0.306394,0.490061,0.241305,0.491779,0.299902,0.284703,0.547076,0.372030,0.348102,0.346339,0.504889,0.152749,0.526901,0.220375,0.461220,0.333985,0.354876,0.293993,0.408544,0.362673,0.417058,0.374241,0.221350,0.276817,0.320534,0.472618,0.102940,0.257716,0.342611,0.075747,0.298334,0.336761,0.080057,0.301958,0.507224,0.230856,0.350025,0.426592,0.342904,0.284291,0.114638,0.278359,0.005155,0.533027,0.223725,0.343484,0.500600,0.492357,0.317552,0.543548,0.233772,-0.136022,0.196308,0.156695,0.390736,0.326467,0.352059,0.197920,0.355725,0.427885,0.410647,0.398950,0.353185,0.460658,0.283266,0.289437,0.176188,0.469316,0.340204,0.510112,0.384349,0.369616,0.130295,0.493513,0.324233,0.197712,0.419207,0.255723,0.416379,0.375011,0.476502,0.392338,0.233851,0.305018,0.280660,0.433014,0.442337,0.512978,0.423885,0.241187,0.301983,0.282780,0.166617
0.339948,0.369296,0.418614,0.368126,0.561712,0.358257,0.414212,0.293611,0.492838,0.243295,0.496827,0.304176,0.288578,0.551826,0.378066,0.389109,0.353247,0.518031,0.193581,0.530265,0.225491,0.462111,0.339002,0.357275,0.299628,0.410859,0.366637,0.421174,0.381187,0.244774,0.280939,0.322513,0.475901,0.125906,0.267928,0.352099,0.109424,0.298975,0.332539,0.104522,0.304182,0.509317,0.233602,0.350085,0.429411,0.347205,0.287857,0.123007,0.282166,0.028577,0.536729,0.229402,0.353772,0.501703,0.493474,0.324149,0.548021,0.241332,-0.112937,0.198998,0.147440,0.395758,0.328649,0.355819,0.185508,0.359515,0.431095,0.418041,0.402664,0.360390,0.491520,0.286600,0.293551,0.179599,0.472676,0.345647,0.513107,0.391596,0.373667,0.131473,0.500678,0.329060,0.226131,0.423712,0.265906,0.421839,0.387457,0.479936,0.394604,0.241000,0.312105,0.287802,0.438508,0.444857,0.515598,0.427412,0.265037,0.308350,0.285738,0.201186
0.341649,0.370996,0.417594,0.371916,0.566034,0.361392,0.419249,0.282962,0.497140,0.248019,0.500245,0.306999,0.291521,0.554678,0.382279,0.424005,0.356990,0.529976,0.224935,0.531006,0.229284,0.462464,0.342091,0.356179,0.305205,0.411208,0.370879,0.424821,0.387866,0.266280,0.282951,0.325802,0.479151,0.146703,0.280164,0.357853,0.138208,0.300509,0.329574,0.124746,0.307403,0.512697,0.234592,0.349936,0.434300,0.349491,0.290490,0.128633,0.282542,0.048488,0.539533,0.233598,0.361276,0.502912,0.493351,0.327738,0.550622,0.246329,-0.092960,0.198797,0.142701,0.397712,0.330826,0.360144,0.176418,0.360414,0.433219,0.421947,0.403876,0.365072,0.514807,0.289614,0.296085,0.181234,0.473639,0.349193,0.515480,0.397501,0.377582,0.132885,0.506620,0.332728,0.248986,0.423806,0.271166,0.420860,0.393887,0.483625,0.396943,0.243731,0.317533,0.289188,0.440368,0.445848,0.518099,0.430258,0.283756,0.311450,0.290135,0.228526
0.343156,0.372184,0.418827,0.371454,0.571574,0.364348,0.420324,0.275452,0.495472,0.250532,0.502636,0.307830,0.289989,0.555171,0.383886,0.453436,0.360367,0.541079,0.249943,0.533933,0.233751,0.464502,0.344746,0.358357,0.308760,0.409433,0.375188,0.427385,0.393488,0.282628,0.283758,0.325555,0.482762,0.164183,0.288398,0.364032,0.162612,0.300876,0.327488,0.142834,0.309428,0.514372,0.236517,0.348885,0.438319,0.352499,0.293388,0.132912,0.284354,0.064163,0.541087,0.234484,0.367179,0.504224,0.494991,0.328936,0.552377,0.250667,-0.075827,0.198842,0.137600,0.401901,0.331602,0.358286,0.169690,0.364220,0.436414,0.425519,0.404843,0.368537,0.534962,0.294277,0.298243,0.185279,0.477099,0.352055,0.516706,0.401938,0.378714,0.133483,0.510059,0.334772,0.269466,0.426869,0.275088,0.428054,0.400823,0.486831,0.398401,0.243098,0.322316,0.294110,0.442338,0.445369,0.519958,0.434782,0.298302,0.313785,0.291322,0.252961
0.346469,0.372099,0.419240,0.373686,0.576167,0.365769,0.423229,0.269475,0.498226,0.251219,0.504336,0.309509,0.294724,0.556062,0.386923,0.475591,0.362956,0.549975,0.270658,0.533875,0.236409,0.463966,0.346258,0.359600,0.310656,0.411920,0.378415,0.426947,0.396255,0.298069,0.283953,0.327468,0.483618,0.177398,0.296388,0.368911,0.187463,0.304134,0.326579,0.157422,0.310922,0.516504,0.238098,0.349748,0.440149,0.354036,0.296704,0.138326,0.287158,0.076873,0.540641,0.237442,0.370875,0.507409,0.495990,0.330591,0.554904,0.255030,-0.059779,0.200311,0.133845,0.403075,0.332897,0.357978,0.165695,0.365259,0.437996,0.426811,0.406960,0.371032,0.549631,0.294857,0.298715,0.185423,0.478205,0.356409,0.517682,0.406930,0.382267,0.134843,0.508416,0.337848,0.285980,0.429311,0.278107,0.432736,0.403817,0.487302,0.403093,0.249643,0.324486,0.294743,0.442408,0.449131,0.521432,0.436022,0.312149,0.317557,0.292591,0.272836
0.347379,0.374108,0.419034,0.374685,0.580400,0.366833,0.423495,0.265381,0.500034,0.253019,0.507522,0.309360,0.298989,0.556255,0.387802,0.494416,0.365037,0.557730,0.288636,0.535700,0.237817,0.463964,0.347912,0.357501,0.312127,0.410188,0.381077,0.429828,0.400934,0.310060,0.285486,0.328098,0.484563,0.188444,0.302769,0.372419,0.208248,0.305965,0.325303,0.168950,0.312211,0.518010,0.238468,0.353073,0.441576,0.357150,0.297832,0.142183,0.287070,0.087253,0.544195,0.237368,0.374183,0.506893,0.494965,0.334666,0.554727,0.258421,-0.048620,0.201139,0.131068,0.406538,0.335870,0.360136,0.160611,0.370751,0.439159,0.429252,0.406486,0.372951,0.561155,0.296822,0.300537,0.188640,0.479561,0.357468,0.518453,0.408596,0.381250,0.135922,0.510867,0.338793,0.303831,0.430425,0.282032,0.436284,0.405238,0.487921,0.402719,0.251789,0.326227,0.295767,0.443229,0.451423,0.522888,0.437228,0.324432,0.320195,0.295631,0.289240
0.347654,0.375224,0.418831,0.374071,0.584847,0.368742,0.423548,0.261376,0.502754,0.253509,0.508044,0.309500,0.301831,0.556408,0.390089,0.510211,0.366416,0.564172,0.300987,0.534611,0.240036,0.461529,0.348760,0.357488,0.315547,0.412604,0.381021,0.430236,0.404562,0.320075,0.286910,0.330679,0.485611,0.198801,0.302778,0.375674,0.227078,0.307038,0.324435,0.178670,0.312824,0.517664,0.239133,0.353743,0.441990,0.359265,0.299282,0.142479,0.289534,0.095618,0.545164,0.239453,0.376309,0.509128,0.495625,0.336929,0.556618,0.261011,-0.037183,0.200446,0.130784,0.408572,0.337992,0.364817,0.158817,0.372166,0.439490,0.430864,0.406554,0.374954,0.569862,0.296987,0.301444,0.190745,0.481166,0.360545,0.519148,0.410685,0.382502,0.138132,0.514515,0.341354,0.316536,0.430821,0.284683,0.438795,0.407132,0.489561,0.403529,0.253497,0.326885,0.299567,0.443861,0.451760,0.524223,0.440623,0.333168,0.322150,0.297375,0.302879
0.347982,0.374973,0.420095,0.375562,0.587512,0.370209,0.425550,0.259252,0.504438,0.254843,0.509355,0.309894,0.304895,0.556525,0.390102,0.524058,0.368125,0.570862,0.311757,0.535065,0.241602,0.464590,0.349934,0.358958,0.316105,0.414543,0.383915,0.429847,0.407917,0.328335,0.287747,0.331232,0.486229,0.207038,0.304644,0.377749,0.241498,0.304828,0.323914,0.185849,0.313502,0.518839,0.239774,0.355258,0.443269,0.360082,0.301939,0.141584,0.288574,0.102548,0.547373,0.239268,0.379732,0.509026,0.494832,0.333078,0.555963,0.263029,-0.028025,0.202764,0.130588,0.409694,0.339052,0.367641,0.156357,0.372347,0.441644,0.429551,0.408472,0.375577,0.578731,0.300086,0.302621,0.189469,0.481352,0.360770,0.519368,0.412498,0.381871,0.140750,0.514893,0.343078,0.329905,0.430351,0.284947,0.441557,0.410973,0.489703,0.403885,0.251761,0.328344,0.301194,0.444228,0.452080,0.525089,0.439284,0.341686,0.322492,0.298685,0.313652
0.347443,0.375476,0.419405,0.378316,0.589346,0.370006,0.425792,0.257252,0.504084,0.254899,0.508784,0.311453,0.303293,0.556690,0.391848,0.534404,0.371529,0.575195,0.320161,0.535767,0.241151,0.465019,0.350876,0.358732,0.318010,0.414070,0.383971,0.430943,0.408853,0.335345,0.288314,0.331332,0.486013,0.215137,0.305381,0.378835,0.257817,0.306742,0.323560,0.192600,0.317421,0.520355,0.240066,0.355808,0.444003,0.361193,0.303045,0.144408,0.289803,0.108704,0.548812,0.239871,0.380893,0.508330,0.494470,0.335871,0.556401,0.264923,-0.018981,0.201513,0.129031,0.409429,0.339592,0.368018,0.156029,0.374662,0.441712,0.430062,0.409538,0.376050,0.583672,0.300006,0.302076,0.190252,0.480139,0.363001,0.519672,0.414240,0.380925,0.141189,0.516840,0.342828,0.337973,0.430224,0.282352,0.442492,0.412140,0.489993,0.406352,0.254696,0.329838,0.300916,0.444491,0.452089,0.525369,0.442441,0.347670,0.323132,0.299628,0.323544
0.348777,0.375538,0.419078,0.376662,0.592177,0.370452,0.426661,0.255780,0.503464,0.255858,0.507840,0.312343,0.307021,0.556803,0.392198,0.543731,0.371599,0.580402,0.326477,0.537581,0.241433,0.464823,0.351449,0.360228,0.317784,0.414834,0.384833,0.433164,0.411369,0.341226,0.288659,0.330249,0.486097,0.221270,0.308636,0.380885,0.271718,0.306241,0.323329,0.198031,0.319713,0.521621,0.239248,0.359405,0.441844,0.364301,0.303809,0.144214,0.289222,0.113684,0.549755,0.240066,0.382175,0.509664,0.494135,0.339102,0.556882,0.266294,-0.013746,0.204394,0.129859,0.411411,0.342090,0.369860,0.154120,0.373818,0.441511,0.429983,0.408611,0.376467,0.590224,0.299377,0.301891,0.191910,0.480655,0.363006,0.520125,0.414844,0.381210,0.142999,0.518120,0.343609,0.344792,0.430836,0.286232,0.444765,0.414876,0.490565,0.407731,0.256537,0.332064,0.300678,0.445105,0.454724,0.525091,0.441470,0.352443,0.325268,0.299750,0.331517
0.349659,0.374757,0.417206,0.379362,0.593236,0.372015,0.426813,0.255178,0.504372,0.255889,0.508217,0.311737,0.311097,0.558101,0.393124,0.550152,0.371923,0.583715,0.331585,0.538438,0.242478,0.464847,0.351150,0.360090,0.318305,0.415309,0.386499,0.434148,0.411798,0.347366,0.288913,0.332470,0.486339,0.225091,0.311213,0.381536,0.284437,0.305423,0.324621,0.202850,0.317235,0.522119,0.238998,0.359355,0.443678,0.364516,0.305824,0.143608,0.292060,0.116927,0.548952,0.240945,0.382699,0.509714,0.495306,0.337373,0.558173,0.267530,-0.006934,0.204294,0.128881,0.413000,0.342837,0.370981,0.154532,0.373711,0.442064,0.429634,0.408636,0.376962,0.593770,0.300824,0.302883,0.192433,0.482557,0.363021,0.520561,0.417321,0.382058,0.145388,0.518790,0.343616,0.353945,0.431754,0.286060,0.445036,0.417111,0.490376,0.406827,0.259756,0.331551,0.302150,0.446967,0.456156,0.525092,0.440396,0.354775,0.327558,0.299918,0.338649
0.351751,0.375583,0.416221,0.380982,0.594548,0.372318,0.427131,0.254597,0.504611,0.255789,0.509773,0.312687,0.314510,0.558867,0.393694,0.555751,0.374854,0.586508,0.335862,0.537476,0.242226,0.464917,0.351075,0.360406,0.318627,0.414801,0.388796,0.434031,0.412158,0.353497,0.289117,0.329843,0.486562,0.228344,0.310627,0.383319,0.292246,0.305550,0.327746,0.206008,0.317364,0.522249,0.238987,0.360760,0.444828,0.364334,0.305307,0.145191,0.291018,0.120275,0.547778,0.242727,0.383551,0.508820,0.494724,0.336245,0.558879,0.268760,-0.000216,0.201052,0.129484,0.413907,0.343119,0.371862,0.153179,0.378230,0.442527,0.430740,0.409959,0.377338,0.597864,0.302202,0.302546,0.193403,0.481237,0.363319,0.520570,0.418030,0.383876,0.146172,0.518392,0.344175,0.358786,0.430462,0.286316,0.444900,0.415910,0.490610,0.409911,0.260154,0.331838,0.301891,0.446728,0.455597,0.525098,0.441834,0.359584,0.328618,0.299083,0.344212
0.351343,0.375581,0.415759,0.381882,0.595224,0.373225,0.427472,0.254140,0.504825,0.255837,0.509577,0.312223,0.315463,0.558719,0.394901,0.561264,0.374245,0.588521,0.340240,0.538915,0.243312,0.462328,0.351978,0.358325,0.321545,0.411764,0.390298,0.434253,0.412509,0.356167,0.289305,0.332592,0.487552,0.231999,0.310907,0.383804,0.301617,0.304356,0.328258,0.209375,0.317337,0.522665,0.240320,0.360968,0.445437,0.364376,0.307019,0.145373,0.291634,0.122275,0.547538,0.242535,0.384307,0.510535,0.495812,0.339925,0.558295,0.269622,0.003453,0.203254,0.129441,0.414601,0.343348,0.372315,0.152102,0.380893,0.443138,0.430388,0.409088,0.378111,0.599206,0.304063,0.302370,0.193430,0.482111,0.365262,0.521050,0.418676,0.384899,0.147946,0.519311,0.345926,0.362412,0.431403,0.286700,0.447163,0.418252,0.490958,0.410102,0.260469,0.333766,0.301831,0.446354,0.456831,0.526046,0.441904,0.363440,0.328673,0.298718,0.349082
0.351272,0.375698,0.415449,0.381145,0.596985,0.372999,0.427867,0.253377,0.504970,0.256749,0.509472,0.311442,0.318251,0.558552,0.394869,0.563643,0.373586,0.592083,0.342830,0.539428,0.243518,0.463726,0.353009,0.357280,0.320412,0.410872,0.390472,0.433990,0.415224,0.358849,0.288683,0.331200,0.487727,0.234239,0.311071,0.384407,0.310356,0.305091,0.330753,0.211293,0.320539,0.521301,0.240914,0.363679,0.443203,0.366776,0.308674,0.149966,0.292577,0.123861,0.548244,0.243844,0.384714,0.511454,0.496311,0.341587,0.558166,0.270246,0.005442,0.205413,0.128564,0.414264,0.345208,0.372774,0.150527,0.382571,0.442909,0.430318,0.410243,0.378668,0.602281,0.303678,0.302294,0.193552,0.482316,0.366199,0.520891,0.415369,0.385541,0.150515,0.520301,0.345699,0.365973,0.430453,0.289516,0.447934,0.415609,0.491217,0.411650,0.260827,0.333556,0.301898,0.445994,0.457957,0.526840,0.444945,0.366551,0.329517,0.300352,0.353474
0.352542,0.375408,0.417092,0.381022,0.597549,0.373225,0.429636,0.253075,0.504535,0.254555,0.509490,0.312757,0.319236,0.558508,0.394534,0.567714,0.372258,0.595017,0.345142,0.539497,0.243924,0.466057,0.353197,0.359164,0.321162,0.410618,0.390029,0.433928,0.417601,0.362136,0.288593,0.332312,0.488371,0.237588,0.310501,0.385589,0.317625,0.307123,0.328734,0.214042,0.318847,0.520858,0.241382,0.364970,0.445524,0.366250,0.308742,0.148993,0.291794,0.125199,0.550505,0.243491,0.386999,0.510148,0.497039,0.341501,0.558002,0.270745,0.008544,0.204296,0.129484,0.415269,0.345122,0.370205,0.149433,0.383838,0.443277,0.431624,0.410045,0.378410,0.603293,0.304225,0.303818,0.193774,0.481555,0.365592,0.521557,0.418695,0.385717,0.151649,0.520688,0.345868,0.368484,0.431498,0.289342,0.447630,0.415826,0.492595,0.409639,0.263341,0.332249,0.302039,0.447894,0.458158,0.527395,0.443918,0.368042,0.330160,0.300983,0.356919
0.352056,0.375790,0.418740,0.381933,0.598168,0.372986,0.428719,0.253327,0.506539,0.256291,0.509555,0.312255,0.320084,0.558002,0.395980,0.570168,0.373195,0.595622,0.346088,0.538592,0.242750,0.466092,0.352549,0.359190,0.320759,0.413632,0.390782,0.435529,0.419514,0.364059,0.289196,0.332898,0.487997,0.238992,0.314113,0.384795,0.324126,0.306595,0.328323,0.212409,0.317612,0.520648,0.241447,0.366628,0.446526,0.365274,0.310186,0.148605,0.292132,0.126427,0.549851,0.243893,0.387135,0.509794,0.497571,0.340279,0.559047,0.271110,0.009675,0.206083,0.130302,0.413080,0.345773,0.371253,0.150762,0.384677,0.443612,0.432474,0.409528,0.378735,0.603431,0.303408,0.303158,0.195376,0.482527,0.365449,0.521379,0.419499,0.384880,0.153362,0.519059,0.345586,0.373960,0.433013,0.286542,0.447091,0.414675,0.491539,0.408784,0.264484,0.332340,0.302942,0.446838,0.458523,0.527541,0.444146,0.370268,0.329922,0.302625,0.360024
0.350614,0.376820,0.418757,0.381017,0.598724,0.373700,0.428704,0.252444,0.506105,0.257297,0.509660,0.313321,0.322197,0.558933,0.396745,0.572049,0.376515,0.598095,0.348335,0.539485,0.243237,0.467317,0.352719,0.360188,0.320500,0.415831,0.392373,0.435568,0.421097,0.367456,0.289499,0.331525,0.488886,0.240208,0.313049,0.385914,0.331537,0.307896,0.328871,0.214160,0.318237,0.522056,0.240390,0.369647,0.444076,0.367418,0.310177,0.148485,0.294749,0.127307,0.548773,0.243171,0.387271,0.511487,0.496172,0.342104,0.559569,0.271444,0.013400,0.204071,0.129359,0.415091,0.346216,0.372477,0.149543,0.385218,0.443427,0.432900,0.409296,0.379122,0.605609,0.304398,0.303038,0.194431,0.483422,0.365438,0.521476,0.419629,0.386378,0.155964,0.518428,0.345941,0.375256,0.432859,0.290000,0.446881,0.415368,0.491644,0.408947,0.263441,0.334300,0.302828,0.446985,0.457942,0.527064,0.444386,0.369441,0.331363,0.302332,0.362561
0.351433,0.375110,0.418875,0.382378,0.599242,0.373931,0.429749,0.251543,0.505925,0.257830,0.512190,0.313825,0.321294,0.558638,0.397379,0.573691,0.376726,0.597572,0.349553,0.539815,0.244220,0.463757,0.352486,0.360209,0.320667,0.415602,0.392309,0.434432,0.419997,0.369443,0.289635,0.330916,0.489410,0.243173,0.314220,0.386975,0.335382,0.308544,0.329269,0.215495,0.321593,0.521565,0.240885,0.370431,0.444095,0.365266,0.311579,0.147485,0.295334,0.128135,0.549244,0.242885,0.386602,0.511187,0.495397,0.343544,0.559882,0.271799,0.016344,0.205984,0.130163,0.413228,0.346757,0.372673,0.150076,0.383222,0.443813,0.433277,0.410779,0.378843,0.606160,0.306029,0.303094,0.195913,0.482278,0.365469,0.521497,0.421281,0.384054,0.155962,0.519818,0.346436,0.376174,0.432390,0.292032,0.447413,0.416219,0.492615,0.408415,0.263315,0.332867,0.304149,0.448462,0.457474,0.527017,0.443641,0.371541,0.331385,0.302218,0.365060
0.351524,0.374827,0.417261,0.383170,0.599332,0.374364,0.432163,0.252189,0.506187,0.255303,0.512473,0.314219,0.321398,0.558729,0.397103,0.574906,0.376925,0.597794,0.349632,0.540186,0.243109,0.465683,0.353327,0.361270,0.320778,0.415438,0.393699,0.435637,0.420603,0.369614,0.289766,0.331434,0.490950,0.244546,0.311813,0.387466,0.337370,0.308913,0.328854,0.217615,0.319790,0.522909,0.240122,0.369828,0.445876,0.365825,0.311296,0.148530,0.295206,0.129553,0.549368,0.244306,0.386561,0.512285,0.495012,0.342963,0.558321,0.272114,0.016278,0.205281,0.130860,0.414508,0.346613,0.373361,0.150768,0.384776,0.444237,0.434001,0.410429,0.378694,0.605862,0.305421,0.304234,0.195346,0.483415,0.367034,0.522045,0.421771,0.385354,0.154713,0.519015,0.346706,0.376959,0.433568,0.290490,0.447895,0.417081,0.492313,0.408179,0.263322,0.332810,0.305398,0.447934,0.457294,0.526957,0.442674,0.372317,0.330795,0.302203,0.366963
0.351650,0.376441,0.419068,0.382290,0.597417,0.375279,0.431675,0.252371,0.507580,0.256810,0.510542,0.314465,0.318147,0.558566,0.396014,0.577013,0.376126,0.599930,0.350695,0.540704,0.241799,0.462987,0.353291,0.358992,0.320755,0.415411,0.393568,0.436573,0.421467,0.371250,0.288707,0.333661,0.490437,0.244753,0.311248,0.387865,0.341574,0.307002,0.327406,0.215505,0.318821,0.523928,0.239837,0.371699,0.445284,0.368170,0.310151,0.146926,0.295633,0.129964,0.549479,0.244048,0.387107,0.512276,0.496109,0.343737,0.558358,0.272369,0.017500,0.204372,0.131389,0.413178,0.347165,0.373212,0.151348,0.385646,0.443878,0.435270,0.410304,0.379077,0.605587,0.304402,0.304862,0.196381,0.484083,0.366415,0.522108,0.420754,0.386013,0.154546,0.518876,0.346363,0.377561,0.433251,0.292411,0.448159,0.420224,0.491930,0.409757,0.264897,0.332011,0.306774,0.446968,0.457708,0.526956,0.442881,0.372819,0.329403,0.303153,0.368651
0.352009,0.375654,0.420501,0.383096,0.595934,0.375797,0.431949,0.252256,0.506693,0.254766,0.510233,0.313411,0.320829,0.558353,0.397090,0.577809,0.375742,0.599095,0.351257,0.539134,0.242539,0.465850,0.353293,0.360201,0.323799,0.416658,0.392788,0.436163,0.421820,0.371797,0.288727,0.332229,0.490279,0.245974,0.309437,0.388118,0.345992,0.308109,0.326767,0.216706,0.317826,0.522456,0.239754,0.370767,0.446568,0.366686,0.311858,0.146176,0.297370,0.130212,0.549921,0.245338,0.387467,0.510696,0.497220,0.341786,0.559332,0.272745,0.020551,0.201359,0.130526,0.414351,0.347001,0.373746,0.150222,0.384623,0.445861,0.434700,0.409728,0.378615,0.605343,0.303972,0.305176,0.196959,0.484109,0.366248,0.521734,0.417508,0.387046,0.154332,0.520279,0.346940,0.378030,0.433173,0.293072,0.448427,0.419905,0.491588,0.408610,0.264181,0.332797,0.304994,0.446963,0.458675,0.527804,0.445716,0.371664,0.330954,0.301220,0.370090
0.350530,0.376009,0.418208,0.382016,0.594840,0.374721,0.432120,0.252277,0.505682,0.253661,0.509358,0.314525,0.321646,0.558356,0.397075,0.578442,0.373853,0.599136,0.353635,0.538329,0.243481,0.465846,0.352942,0.358478,0.323876,0.413617,0.394330,0.434948,0.422407,0.372023,0.289507,0.332749,0.489545,0.246510,0.309322,0.388253,0.349698,0.306566,0.325750,0.218753,0.321524,0.523815,0.241255,0.371499,0.448193,0.368703,0.313080,0.151085,0.295396,0.130519,0.550159,0.243536,0.386900,0.511770,0.496121,0.340852,0.559805,0.273138,0.021086,0.204682,0.131225,0.413193,0.347335,0.373974,0.151006,0.383341,0.444781,0.434434,0.409995,0.378938,0.605127,0.305106,0.304365,0.197362,0.482604,0.366088,0.521791,0.419079,0.385176,0.154741,0.521343,0.347111,0.378489,0.433210,0.289110,0.448664,0.417547,0.492990,0.411331,0.265389,0.332764,0.303985,0.448352,0.459255,0.528080,0.443520,0.370766,0.331266,0.301852,0.371267
0.351631,0.374348,0.418690,0.379442,0.596323,0.375573,0.430079,0.252397,0.505683,0.253221,0.510219,0.314682,0.322392,0.558382,0.396352,0.578928,0.374521,0.599185,0.353926,0.539377,0.242765,0.463087,0.351571,0.358869,0.322730,0.415998,0.393386,0.435488,0.423487,0.372392,0.289798,0.330553,0.490620,0.248368,0.313254,0.388946,0.353993,0.305808,0.326958,0.220371,0.320618,0.523396,0.240630,0.371972,0.446546,0.369556,0.313934,0.149189,0.295039,0.130643,0.547589,0.244114,0.388819,0.512548,0.495474,0.341781,0.560016,0.273101,0.022759,0.203056,0.131823,0.413745,0.347289,0.374293,0.149943,0.382836,0.446289,0.434577,0.411041,0.378523,0.605810,0.305384,0.303135,0.194560,0.483106,0.365990,0.521976,0.420322,0.385936,0.156123,0.519831,0.347298,0.378897,0.433296,0.289999,0.443868,0.418569,0.492448,0.409339,0.261377,0.332726,0.304320,0.447020,0.459271,0.528176,0.443072,0.369927,0.332557,0.302919,0.372272
0.351072,0.375734,0.419738,0.378437,0.597093,0.375362,0.430667,0.252484,0.506108,0.252938,0.509416,0.314650,0.323201,0.558324,0.397183,0.580295,0.375400,0.598594,0.355722,0.538828,0.243751,0.461667,0.351817,0.359970,0.323330,0.415512,0.393671,0.434595,0.423289,0.374426,0.289469,0.333461,0.490361,0.248921,0.312307,0.388906,0.357851,0.305408,0.327891,0.220785,0.319769,0.522405,0.240018,0.372332,0.447065,0.367841,0.314561,0.149173,0.294356,0.131518,0.548031,0.243464,0.389929,0.511740,0.496391,0.340934,0.559110,0.272959,0.022860,0.204458,0.130719,0.415243,0.347815,0.375114,0.149206,0.383007,0.445655,0.434149,0.411539,0.378437,0.605002,0.306925,0.302496,0.196052,0.482389,0.367834,0.521719,0.422086,0.383812,0.154853,0.521519,0.348283,0.379805,0.433613,0.289640,0.445807,0.421102,0.492555,0.410272,0.263981,0.332766,0.303725,0.447072,0.459945,0.528463,0.443853,0.369264,0.332351,0.302124,0.373457
0.351838,0.375176,0.419581,0.381040,0.598865,0.376094,0.429388,0.252344,0.506025,0.256131,0.510180,0.314699,0.322984,0.557837,0.397983,0.580541,0.374924,0.598225,0.355284,0.539796,0.244262,0.463576,0.353139,0.358109,0.325248,0.413166,0.393981,0.435941,0.423941,0.374234,0.288588,0.330873,0.490129,0.250288,0.310248,0.388945,0.358461,0.305229,0.328615,0.222003,0.319424,0.522392,0.240903,0.373253,0.446496,0.369465,0.312571,0.149166,0.295002,0.132123,0.550819,0.243364,0.389212,0.510531,0.497179,0.343250,0.558374,0.273160,0.023124,0.202557,0.129798,0.416647,0.348214,0.374738,0.150021,0.383422,0.446711,0.434104,0.411854,0.378400,0.607443,0.306457,0.304414,0.195119,0.481812,0.366948,0.521628,0.418326,0.384031,0.157301,0.521841,0.347738,0.380438,0.432908,0.289502,0.447307,0.422233,0.492664,0.410605,0.263829,0.333005,0.304304,0.448459,0.460290,0.528403,0.442787,0.371616,0.333137,0.302341,0.373889
0.350377,0.376200,0.420647,0.380502,0.599121,0.375815,0.428997,0.252442,0.505914,0.256551,0.511478,0.313694,0.319593,0.558294,0.397729,0.580707,0.374818,0.599471,0.355018,0.539061,0.244381,0.464608,0.353474,0.359147,0.323422,0.414250,0.394170,0.434915,0.424045,0.373605,0.288799,0.332004,0.489658,0.250614,0.310639,0.389026,0.360374,0.304389,0.326414,0.221981,0.322444,0.522792,0.240429,0.374099,0.448243,0.367712,0.314000,0.149826,0.293985,0.131802,0.550345,0.244493,0.387970,0.512086,0.497825,0.344544,0.558285,0.273477,0.024637,0.200328,0.130783,0.418483,0.348336,0.374053,0.150723,0.383686,0.445622,0.433939,0.410603,0.378331,0.606787,0.306196,0.303924,0.195046,0.481512,0.368382,0.521865,0.420470,0.384149,0.157097,0.522750,0.347574,0.384036,0.432997,0.290001,0.443286,0.423502,0.493907,0.409997,0.264019,0.332705,0.306187,0.449226,0.460449,0.527858,0.445828,0.373476,0.332730,0.302483,0.374561
0.350374,0.376247,0.421242,0.380180,0.600517,0.375303,0.429567,0.252576,0.506316,0.256862,0.509991,0.313057,0.321074,0.558299,0.398139,0.580873,0.374738,0.600132,0.356682,0.538415,0.244950,0.466275,0.353643,0.358799,0.322471,0.414800,0.394292,0.436246,0.423787,0.373881,0.288948,0.332663,0.489854,0.251237,0.310249,0.387741,0.363474,0.303926,0.326092,0.222812,0.321160,0.523527,0.241123,0.375620,0.447972,0.365663,0.314497,0.153191,0.293590,0.131559,0.549379,0.244762,0.387271,0.512251,0.496301,0.341891,0.558205,0.273521,0.024646,0.203157,0.130063,0.418206,0.349435,0.374381,0.151018,0.383837,0.445323,0.435396,0.410533,0.378284,0.608908,0.305253,0.303686,0.195065,0.481514,0.367369,0.521812,0.422267,0.386154,0.156532,0.522010,0.347437,0.386814,0.434559,0.287627,0.447822,0.424234,0.492459,0.410785,0.263599,0.333017,0.304742,0.447758,0.460817,0.528383,0.443719,0.374964,0.331786,0.302244,0.374792
0.351338,0.375577,0.420087,0.380713,0.600840,0.374805,0.430554,0.252937,0.507764,0.258370,0.510629,0.314301,0.318182,0.558314,0.397981,0.579726,0.375102,0.600001,0.355381,0.539690,0.246024,0.465939,0.353714,0.358592,0.321738,0.416604,0.394576,0.437096,0.422331,0.374006,0.289742,0.334331,0.489207,0.251767,0.310673,0.388454,0.365217,0.304507,0.327258,0.223610,0.323407,0.522504,0.240458,0.376915,0.446514,0.368288,0.315274,0.152560,0.294810,0.131425,0.548923,0.245173,0.387077,0.511460,0.495542,0.341321,0.558137,0.274081,0.025924,0.200652,0.129373,0.417745,0.349292,0.374548,0.151175,0.383766,0.445176,0.434326,0.410038,0.378270,0.607910,0.304521,0.302795,0.194599,0.483921,0.368225,0.522087,0.419640,0.385288,0.156159,0.522862,0.347635,0.385712,0.434114,0.291131,0.447852,0.420270,0.492288,0.409734,0.260721,0.334953,0.305377,0.446711,0.459875,0.529020,0.443475,0.375234,0.332288,0.300913,0.375394
0.351887,0.376344,0.417885,0.380976,0.600993,0.375261,0.432878,0.252882,0.506445,0.258799,0.510418,0.314399,0.321079,0.558250,0.397132,0.580983,0.374851,0.599823,0.354272,0.538642,0.245509,0.467378,0.354108,0.357667,0.321369,0.415791,0.394848,0.435592,0.423535,0.374121,0.289518,0.334093,0.488640,0.253007,0.310312,0.388864,0.367721,0.305361,0.328146,0.224255,0.321395,0.522826,0.240315,0.377385,0.445713,0.369677,0.315780,0.150105,0.296005,0.131294,0.548742,0.244404,0.388969,0.512249,0.495077,0.343174,0.557425,0.274213,0.026792,0.201357,0.129867,0.417848,0.348862,0.372054,0.152334,0.383546,0.444499,0.434235,0.411445,0.378928,0.607824,0.305131,0.302398,0.194344,0.485185,0.366994,0.521995,0.421929,0.385737,0.156332,0.521519,0.347044,0.385187,0.434254,0.292746,0.450018,0.419057,0.493721,0.409746,0.262562,0.333810,0.305663,0.446876,0.459780,0.528222,0.443059,0.373512,0.332121,0.301822,0.376042
0.351837,0.376386,0.418460,0.380412,0.600902,0.375098,0.431260,0.252758,0.506309,0.255910,0.509528,0.314967,0.322586,0.559058,0.397458,0.580910,0.376063,0.599763,0.353389,0.538138,0.245170,0.466548,0.354546,0.357255,0.324357,0.416448,0.396015,0.434893,0.423998,0.375196,0.289882,0.332399,0.489081,0.252909,0.308847,0.387784,0.368504,0.305835,0.327547,0.224637,0.319378,0.523638,0.241637,0.376350,0.446522,0.366732,0.313548,0.150263,0.296408,0.132073,0.547162,0.244386,0.388081,0.511697,0.496607,0.340534,0.557551,0.273970,0.027678,0.201091,0.130867,0.417704,0.349053,0.373950,0.153602,0.383502,0.444733,0.435616,0.410965,0.378608,0.609184,0.307043,0.302250,0.193042,0.483421,0.368203,0.521606,0.421661,0.384482,0.157897,0.522657,0.346854,0.384335,0.432473,0.293966,0.449487,0.419649,0.494460,0.410651,0.265089,0.335341,0.306352,0.446366,0.458870,0.528913,0.443112,0.373937,0.330476,0.303371,0.376307
0.353209,0.377251,0.419619,0.380613,0.598589,0.375077,0.430949,0.252597,0.506507,0.257531,0.511190,0.313486,0.323123,0.558899,0.397283,0.581041,0.375864,0.599120,0.354193,0.537220,0.243097,0.466496,0.354646,0.359344,0.322980,0.416091,0.394965,0.435027,0.424805,0.374605,0.290050,0.333146,0.489712,0.252688,0.307728,0.387098,0.369632,0.305571,0.325650,0.225110,0.319700,0.523364,0.240774,0.376524,0.445749,0.366278,0.313488,0.148936,0.298178,0.131880,0.550533,0.244355,0.387667,0.511244,0.497408,0.341809,0.557170,0.273856,0.027142,0.201028,0.131069,0.419238,0.349102,0.374475,0.153704,0.382698,0.444660,0.434981,0.410681,0.378483,0.608805,0.306502,0.302763,0.194615,0.482463,0.369090,0.521509,0.422072,0.385627,0.156436,0.523194,0.347341,0.387014,0.433006,0.291994,0.449258,0.417799,0.493307,0.410992,0.266365,0.334834,0.304836,0.446003,0.459361,0.529044,0.442398,0.372583,0.331311,0.304163,0.377048
0.351911,0.374997,0.419530,0.380189,0.596824,0.375609,0.430320,0.252695,0.507790,0.255277,0.511915,0.312974,0.322328,0.558149,0.398181,0.581173,0.374315,0.599827,0.355178,0.539497,0.243892,0.466202,0.354870,0.360424,0.322439,0.416641,0.395314,0.436285,0.425409,0.374853,0.289417,0.332576,0.491313,0.251535,0.310638,0.386755,0.370125,0.307563,0.328982,0.221845,0.319533,0.522371,0.241623,0.376634,0.446696,0.368589,0.312403,0.149668,0.297656,0.131713,0.552083,0.243604,0.387057,0.512227,0.496140,0.342453,0.556980,0.273709,0.026799,0.202233,0.132190,0.419069,0.350117,0.374651,0.154735,0.380684,0.444793,0.433957,0.411424,0.378339,0.607799,0.305862,0.304627,0.194387,0.484454,0.367632,0.521504,0.421714,0.385927,0.157642,0.523448,0.347726,0.386184,0.433716,0.291512,0.449968,0.418801,0.494178,0.412695,0.266987,0.334020,0.305370,0.446807,0.460206,0.528238,0.441950,0.374213,0.332619,0.303630,0.377285
0.351894,0.376200,0.419223,0.378890,0.597852,0.375367,0.430496,0.253064,0.506286,0.254173,0.511067,0.313918,0.319207,0.557840,0.398422,0.580003,0.374992,0.599216,0.355184,0.540681,0.244708,0.466062,0.354730,0.360456,0.324877,0.416163,0.395367,0.435631,0.425473,0.374816,0.288216,0.332880,0.490826,0.251994,0.310412,0.387957,0.372101,0.306441,0.328121,0.222842,0.319759,0.523538,0.240751,0.377893,0.447216,0.367830,0.314008,0.147824,0.296886,0.132525,0.550184,0.244944,0.386696,0.511103,0.496669,0.344199,0.557603,0.273965,0.025309,0.201635,0.131072,0.419026,0.349685,0.374111,0.154486,0.382016,0.444925,0.433958,0.410344,0.378374,0.607013,0.305540,0.305653,0.194724,0.485579,0.366681,0.521480,0.421967,0.385130,0.158092,0.523589,0.347134,0.385656,0.432172,0.291131,0.450304,0.416513,0.492940,0.410258,0.265914,0.332799,0.306969,0.447009,0.459572,0.528420,0.442564,0.375590,0.331804,0.303338,0.377421
0.350356,0.375890,0.419161,0.381237,0.596424,0.374903,0.429429,0.252978,0.506212,0.256491,0.510664,0.313131,0.319171,0.558887,0.398157,0.580263,0.375878,0.598710,0.355041,0.541150,0.244337,0.467444,0.352839,0.360568,0.323282,0.412794,0.396458,0.435889,0.425196,0.374962,0.288489,0.334407,0.490394,0.252912,0.310301,0.388678,0.372121,0.307916,0.327432,0.223828,0.318671,0.524457,0.241902,0.377688,0.444824,0.365700,0.315451,0.148565,0.297004,0.132235,0.550034,0.243490,0.386710,0.510123,0.496932,0.341743,0.557155,0.273643,0.027099,0.204877,0.130192,0.419027,0.349208,0.371886,0.153787,0.382725,0.446374,0.434598,0.411516,0.378331,0.607354,0.307317,0.303990,0.196090,0.485038,0.366525,0.521683,0.422089,0.383435,0.156522,0.523665,0.349042,0.384699,0.432845,0.290949,0.449035,0.418114,0.492714,0.409047,0.266574,0.334776,0.305206,0.446589,0.460201,0.527922,0.442829,0.375251,0.331334,0.302773,0.377483
0.351346,0.376647,0.419963,0.379401,0.597386,0.375112,0.432349,0.252162,0.503849,0.254726,0.511587,0.312723,0.319230,0.558215,0.397034,0.580252,0.375432,0.599455,0.354070,0.541335,0.244951,0.468121,0.353723,0.360031,0.325279,0.413888,0.396062,0.436936,0.425245,0.374913,0.289496,0.333844,0.490129,0.253858,0.310110,0.389436,0.369455,0.306499,0.328241,0.223671,0.318059,0.522938,0.241005,0.376544,0.445309,0.365682,0.314614,0.152496,0.296980,0.132012,0.549862,0.244268,0.387347,0.510495,0.496960,0.339878,0.556940,0.273792,0.028584,0.205586,0.131462,0.416063,0.349272,0.373091,0.153027,0.383535,0.445484,0.434522,0.411012,0.378393,0.606733,0.306063,0.303864,0.196757,0.483828,0.366373,0.522021,0.422139,0.385757,0.157643,0.521987,0.348329,0.383916,0.433040,0.291286,0.449113,0.421044,0.492346,0.409328,0.265449,0.334055,0.305233,0.446800,0.460109,0.527689,0.442697,0.373581,0.331735,0.302277,0.377910
0.351685,0.375961,0.419513,0.381224,0.598384,0.375723,0.430845,0.252199,0.502710,0.256684,0.510960,0.313590,0.316843,0.558556,0.397968,0.581408,0.375157,0.599564,0.355168,0.541006,0.244762,0.468041,0.354156,0.360284,0.323478,0.416165,0.395794,0.437507,0.425802,0.374959,0.289382,0.332279,0.490246,0.252997,0.308761,0.389515,0.367133,0.305826,0.328211,0.224417,0.319035,0.524187,0.240539,0.376470,0.445557,0.367868,0.314145,0.150092,0.295190,0.132630,0.549804,0.243370,0.387126,0.510848,0.495930,0.340162,0.556858,0.274068,0.026627,0.205255,0.132142,0.417245,0.349366,0.371339,0.153264,0.382978,0.445020,0.434463,0.411632,0.378337,0.606232,0.306107,0.305315,0.196044,0.482672,0.366352,0.522195,0.421271,0.386014,0.158904,0.522842,0.348030,0.383754,0.432555,0.292867,0.448504,0.422684,0.491815,0.409479,0.266648,0.333563,0.305596,0.446242,0.459447,0.528718,0.442865,0.374037,0.331280,0.303531,0.377866
0.353240,0.376319,0.419528,0.380511,0.596703,0.376507,0.430577,0.251520,0.506027,0.254904,0.509857,0.312356,0.318616,0.558425,0.396218,0.581163,0.373949,0.600492,0.354906,0.541393,0.245957,0.467248,0.354392,0.361490,0.322701,0.412856,0.396499,0.437750,0.425679,0.376645,0.289054,0.330308,0.489539,0.253183,0.311475,0.389882,0.369449,0.305549,0.326049,0.224923,0.319526,0.523735,0.240037,0.377013,0.446479,0.366940,0.314883,0.150368,0.297636,0.132281,0.547547,0.244484,0.387040,0.509963,0.497168,0.342659,0.557595,0.274216,0.026271,0.204500,0.133020,0.418999,0.348843,0.372960,0.154400,0.380756,0.446483,0.435742,0.411031,0.378266,0.606040,0.306085,0.304401,0.196207,0.483735,0.366279,0.521743,0.421658,0.387932,0.158042,0.523296,0.347347,0.383570,0.433722,0.293638,0.448871,0.421737,0.491673,0.411949,0.265642,0.333300,0.306231,0.447000,0.458808,0.528751,0.442850,0.374453,0.332193,0.303301,0.378003
0.352964,0.374574,0.420623,0.378986,0.597941,0.374553,0.430684,0.252155,0.506095,0.257323,0.510601,0.313802,0.321313,0.559179,0.397715,0.579988,0.377551,0.600292,0.355458,0.538868,0.245571,0.468115,0.353729,0.360066,0.322227,0.414115,0.396021,0.435910,0.423807,0.378043,0.289574,0.330557,0.488928,0.252430,0.311042,0.389824,0.367105,0.307513,0.325204,0.221666,0.322690,0.523576,0.239987,0.377038,0.448250,0.366077,0.313187,0.149092,0.297179,0.132059,0.548676,0.245671,0.387436,0.509502,0.496119,0.341825,0.557973,0.273911,0.024647,0.205414,0.133738,0.419930,0.349169,0.374540,0.153593,0.382009,0.447309,0.435080,0.411846,0.378254,0.607863,0.306117,0.303401,0.196282,0.484079,0.366359,0.521871,0.423037,0.388123,0.156502,0.521203,0.347686,0.383461,0.434477,0.292632,0.448932,0.421222,0.491858,0.411642,0.264560,0.333199,0.305679,0.447402,0.459429,0.529273,0.442915,0.374765,0.332250,0.302563,0.377929
0.352504,0.375747,0.420082,0.380094,0.598955,0.374999,0.432925,0.252310,0.506388,0.258252,0.511709,0.312874,0.318299,0.559593,0.397058,0.580327,0.377270,0.602124,0.355944,0.539761,0.246013,0.466997,0.353815,0.360245,0.322858,0.416285,0.395834,0.436824,0.424639,0.377629,0.289943,0.329486,0.490795,0.252603,0.311482,0.390202,0.367943,0.305636,0.328651,0.221905,0.321406,0.523910,0.239855,0.378943,0.446732,0.365675,0.314769,0.149776,0.296875,0.132781,0.546950,0.244958,0.389271,0.511304,0.497420,0.341079,0.558223,0.273723,0.023357,0.204569,0.132325,0.418820,0.349238,0.376039,0.154664,0.384116,0.445619,0.434809,0.410568,0.378281,0.607249,0.305069,0.302815,0.195264,0.485130,0.367766,0.522018,0.419023,0.387584,0.158809,0.522181,0.347846,0.383391,0.434510,0.291184,0.448395,0.420717,0.491658,0.410122,0.265838,0.332382,0.304509,0.447538,0.460094,0.529347,0.443771,0.375987,0.332123,0.303659,0.378480
0.350773,0.376204,0.419528,0.382018,0.597381,0.374757,0.430958,0.253021,0.506253,0.259110,0.511574,0.313647,0.319664,0.558638,0.395823,0.580614,0.376184,0.603628,0.355557,0.540284,0.245582,0.463796,0.353423,0.360502,0.322365,0.415832,0.394920,0.436025,0.425286,0.378016,0.289670,0.331432,0.489508,0.253339,0.313060,0.389769,0.367396,0.307578,0.327896,0.219191,0.320892,0.523677,0.241432,0.377223,0.447140,0.366116,0.315644,0.148753,0.298394,0.132504,0.548494,0.243534,0.388247,0.510472,0.497881,0.338184,0.558290,0.273797,0.025560,0.202772,0.131287,0.418103,0.349382,0.376825,0.154593,0.384099,0.445436,0.433378,0.410544,0.378249,0.607349,0.306094,0.303304,0.194885,0.483882,0.368735,0.521694,0.420606,0.388803,0.158993,0.523597,0.348841,0.383418,0.434931,0.288224,0.450342,0.422202,0.493417,0.410783,0.261949,0.334552,0.306384,0.447728,0.460697,0.529422,0.443449,0.375741,0.332472,0.302892,0.378544
0.349786,0.376298,0.419529,0.379943,0.598039,0.375391,0.429921,0.253130,0.506199,0.259054,0.512269,0.313000,0.320277,0.558664,0.396636,0.579643,0.374127,0.603633,0.355966,0.540454,0.245691,0.465839,0.353121,0.360511,0.321852,0.413301,0.395171,0.436171,0.425728,0.377464,0.289996,0.334088,0.489807,0.252063,0.312381,0.389704,0.366943,0.306403,0.330682,0.220859,0.319219,0.522695,0.240890,0.375872,0.447491,0.366478,0.316123,0.148220,0.295856,0.132486,0.548502,0.243796,0.387654,0.509999,0.497702,0.341619,0.558279,0.273709,0.024202,0.204407,0.131336,0.419413,0.349410,0.375960,0.152933,0.383157,0.446887,0.433781,0.410139,0.378352,0.608912,0.305015,0.303602,0.196314,0.482688,0.367652,0.521484,0.421346,0.386157,0.159773,0.522369,0.348174,0.382963,0.434355,0.289309,0.450508,0.420451,0.492287,0.409469,0.263003,0.333828,0.306776,0.448933,0.460438,0.529085,0.444095,0.375805,0.331557,0.303505,0.378680
0.349868,0.374973,0.419456,0.380691,0.598887,0.375218,0.431339,0.253037,0.506251,0.258996,0.512469,0.312078,0.321891,0.558518,0.397899,0.578826,0.372990,0.603584,0.357409,0.539480,0.245217,0.465815,0.353868,0.358614,0.321538,0.414088,0.394401,0.437055,0.426130,0.376383,0.288945,0.331303,0.490036,0.252899,0.314322,0.389646,0.369344,0.305782,0.332871,0.222188,0.319324,0.522182,0.240349,0.374500,0.447965,0.366487,0.316012,0.149317,0.294651,0.132260,0.548479,0.244690,0.387234,0.509748,0.497586,0.342469,0.558266,0.273526,0.025534,0.205287,0.130616,0.417905,0.349343,0.371506,0.153824,0.383282,0.445500,0.433564,0.411466,0.378379,0.608139,0.305460,0.303720,0.195403,0.483214,0.368255,0.521477,0.418056,0.385296,0.161460,0.523638,0.348003,0.383130,0.433852,0.289346,0.449811,0.420435,0.491834,0.408839,0.263592,0.333691,0.306914,0.447719,0.459330,0.528981,0.442907,0.375816,0.330073,0.303238,0.378687
0.350303,0.373987,0.419224,0.382091,0.600384,0.375690,0.433347,0.252481,0.503851,0.259210,0.511240,0.311679,0.322079,0.558418,0.396244,0.578064,0.373684,0.603164,0.356749,0.540203,0.246258,0.467306,0.353974,0.359519,0.321339,0.414728,0.393985,0.437370,0.425973,0.376890,0.289041,0.329865,0.491391,0.253055,0.311944,0.390192,0.371375,0.305505,0.329735,0.222166,0.318353,0.521756,0.240151,0.373290,0.446554,0.364863,0.314932,0.149394,0.297407,0.131996,0.548405,0.244305,0.387079,0.511538,0.497980,0.343833,0.557889,0.273602,0.025401,0.204393,0.129814,0.419273,0.349383,0.372322,0.152223,0.382626,0.445390,0.433963,0.412178,0.378530,0.608199,0.307252,0.305274,0.196766,0.482314,0.368814,0.521556,0.419495,0.385702,0.161694,0.522430,0.347294,0.382730,0.433569,0.292010,0.444500,0.422008,0.492818,0.410195,0.265735,0.333412,0.305176,0.447538,0.460270,0.528936,0.446083,0.374001,0.329354,0.303933,0.378795
0.350138,0.374884,0.419042,0.381103,0.598439,0.374226,0.434392,0.252543,0.502696,0.259573,0.509923,0.311509,0.321445,0.559259,0.397068,0.578708,0.375045,0.604308,0.357184,0.540924,0.246228,0.466921,0.354419,0.359507,0.321525,0.415135,0.394710,0.435767,0.423815,0.376545,0.288006,0.330398,0.491683,0.252674,0.313951,0.390170,0.370363,0.305391,0.328854,0.222989,0.317901,0.523278,0.241498,0.372771,0.447439,0.367400,0.315362,0.149441,0.295887,0.131786,0.550948,0.243678,0.387096,0.510338,0.498090,0.342414,0.559044,0.273781,0.025304,0.206233,0.129455,0.418447,0.350238,0.373569,0.152696,0.385088,0.446858,0.433660,0.410846,0.378421,0.609551,0.306891,0.305677,0.196761,0.481847,0.368790,0.521592,0.421624,0.384625,0.161939,0.521538,0.347600,0.382895,0.431996,0.291331,0.447489,0.420305,0.492050,0.412308,0.264986,0.333215,0.305621,0.446969,0.460984,0.528286,0.443985,0.372612,0.330756,0.303239,0.379016
0.351019,0.375741,0.419007,0.379116,0.598905,0.374451,0.433628,0.252692,0.502084,0.259326,0.512412,0.311756,0.321734,0.559155,0.397487,0.579196,0.374830,0.604174,0.356782,0.539283,0.244449,0.467872,0.354113,0.358196,0.321767,0.415113,0.395029,0.435543,0.423724,0.376065,0.288593,0.331917,0.490381,0.252452,0.315019,0.390099,0.371236,0.305262,0.328104,0.223807,0.318629,0.523315,0.242186,0.372066,0.448302,0.366616,0.314566,0.149569,0.295788,0.131580,0.552285,0.244706,0.387557,0.511765,0.497737,0.340973,0.559675,0.273849,0.025214,0.207277,0.128844,0.418337,0.349356,0.373555,0.152096,0.384822,0.445900,0.433765,0.410244,0.379030,0.609358,0.306486,0.304828,0.197518,0.483122,0.368748,0.521611,0.421348,0.386440,0.162499,0.521416,0.347570,0.385990,0.432474,0.291068,0.443443,0.420341,0.491833,0.410979,0.266389,0.335082,0.305846,0.446490,0.460009,0.527923,0.442966,0.371460,0.329763,0.304005,0.378646
0.352692,0.375769,0.419131,0.380134,0.597139,0.375336,0.431555,0.252834,0.504482,0.258606,0.510488,0.311536,0.318659,0.559102,0.398389,0.579357,0.373649,0.604046,0.356330,0.537717,0.245814,0.467133,0.352852,0.358948,0.321496,0.416716,0.395209,0.436035,0.423511,0.375717,0.289473,0.332689,0.490134,0.253263,0.312532,0.389862,0.371555,0.307286,0.326084,0.223405,0.322198,0.522832,0.241030,0.371737,0.447289,0.365062,0.313082,0.148624,0.296654,0.131482,0.550288,0.244520,0.387836,0.510578,0.497938,0.340734,0.559071,0.273886,0.025199,0.204548,0.128317,0.417921,0.348900,0.371276,0.150840,0.384664,0.447114,0.434072,0.411490,0.379494,0.609166,0.306844,0.304322,0.196079,0.484848,0.369420,0.522038,0.419184,0.386720,0.162634,0.520359,0.347695,0.385464,0.433751,0.293066,0.446265,0.422556,0.492258,0.411334,0.264992,0.334272,0.305660,0.446756,0.460097,0.528851,0.443066,0.372305,0.330250,0.304404,0.378897
0.351818,0.376140,0.420408,0.378527,0.598168,0.375051,0.431022,0.253447,0.506761,0.259133,0.511483,0.311656,0.320364,0.558370,0.398721,0.579737,0.375338,0.602455,0.355772,0.539500,0.245490,0.463815,0.352181,0.360790,0.321380,0.415842,0.395334,0.435192,0.424211,0.375383,0.289393,0.330610,0.490154,0.251927,0.311856,0.389878,0.371804,0.306797,0.326565,0.223213,0.320402,0.522561,0.240529,0.372476,0.444916,0.365445,0.313431,0.149124,0.295185,0.131479,0.551964,0.243160,0.387952,0.510148,0.496459,0.339405,0.558754,0.274226,0.025204,0.204694,0.129999,0.417625,0.349106,0.372296,0.151357,0.383419,0.446287,0.434516,0.410920,0.379651,0.610325,0.306093,0.305516,0.196296,0.484632,0.367630,0.522101,0.420697,0.385621,0.162034,0.521850,0.348660,0.385017,0.432126,0.294137,0.449246,0.420871,0.491806,0.411485,0.266306,0.333820,0.305936,0.446234,0.459698,0.528725,0.442225,0.372762,0.331598,0.303446,0.379428
0.351894,0.376294,0.419644,0.381173,0.598599,0.375351,0.430879,0.252750,0.507875,0.259171,0.510756,0.311368,0.322808,0.558259,0.397295,0.580089,0.373703,0.603832,0.356478,0.540012,0.244668,0.464842,0.352906,0.361687,0.321735,0.415555,0.394631,0.434592,0.424129,0.375140,0.289293,0.333607,0.489134,0.251788,0.311267,0.389594,0.372050,0.305936,0.329660,0.223910,0.319891,0.522923,0.241679,0.372160,0.444765,0.366008,0.313593,0.149739,0.297146,0.131392,0.550155,0.243684,0.389551,0.511872,0.495625,0.337408,0.558603,0.274071,0.025187,0.203589,0.130402,0.417857,0.349219,0.373402,0.150287,0.383530,0.445480,0.435823,0.411545,0.379705,0.609737,0.306154,0.304698,0.196994,0.485600,0.368181,0.522323,0.417813,0.385899,0.161502,0.522558,0.349706,0.384775,0.434086,0.292006,0.444287,0.418457,0.492802,0.412968,0.262157,0.333281,0.307169,0.446953,0.459332,0.528005,0.442693,0.373487,0.331909,0.303762,0.379380
0.351296,0.374507,0.419361,0.381185,0.596791,0.375691,0.430309,0.252673,0.507302,0.256198,0.511639,0.313414,0.319507,0.558208,0.397542,0.580423,0.375335,0.602852,0.357815,0.540345,0.245102,0.466823,0.352262,0.361478,0.323090,0.416962,0.395040,0.434877,0.423955,0.374944,0.289159,0.332987,0.489698,0.251291,0.313407,0.389760,0.369458,0.305525,0.328696,0.224669,0.319798,0.522146,0.240730,0.371789,0.444683,0.364700,0.315331,0.149641,0.297297,0.131373,0.550230,0.243338,0.388976,0.512505,0.496377,0.338861,0.559503,0.273859,0.023911,0.202303,0.131555,0.416334,0.349358,0.374746,0.151622,0.381193,0.445097,0.435216,0.412137,0.379053,0.610695,0.305703,0.304235,0.196232,0.484847,0.368777,0.521987,0.420925,0.386111,0.161332,0.521841,0.348599,0.384542,0.434763,0.291762,0.441900,0.421219,0.492075,0.410393,0.262793,0.333220,0.305379,0.447501,0.459149,0.528563,0.442824,0.374023,0.333005,0.302713,0.379072
0.350239,0.374651,0.419463,0.380744,0.597528,0.375594,0.429381,0.252642,0.506631,0.257479,0.511569,0.312885,0.319381,0.558309,0.396941,0.580596,0.375399,0.601535,0.358849,0.538265,0.243830,0.466684,0.353368,0.359082,0.322604,0.417643,0.395228,0.434428,0.424080,0.374747,0.289824,0.333204,0.490768,0.250850,0.316488,0.390097,0.370053,0.305319,0.328550,0.224302,0.319773,0.522290,0.241418,0.372306,0.445265,0.364071,0.313546,0.147845,0.297330,0.131276,0.551998,0.242859,0.388136,0.512777,0.496788,0.338413,0.559937,0.273837,0.022717,0.203496,0.130576,0.414606,0.349322,0.374197,0.151446,0.384298,0.445078,0.436124,0.410793,0.378798,0.609359,0.305458,0.303970,0.195815,0.483819,0.369194,0.522124,0.421092,0.387156,0.162670,0.523361,0.349113,0.384477,0.434168,0.290764,0.446192,0.421166,0.493676,0.412443,0.263137,0.332931,0.305373,0.447414,0.459075,0.529130,0.442272,0.374388,0.331929,0.303514,0.379168
0.349555,0.373712,0.419220,0.378915,0.598491,0.375059,0.431041,0.252118,0.506233,0.258700,0.511017,0.314232,0.320525,0.558679,0.397842,0.580794,0.376284,0.600499,0.357912,0.539588,0.244161,0.466574,0.352909,0.359299,0.323044,0.416531,0.396374,0.434828,0.424716,0.374806,0.289950,0.330774,0.490647,0.250939,0.317003,0.390409,0.370532,0.305259,0.328418,0.224719,0.318446,0.521795,0.240831,0.372856,0.446288,0.364956,0.312615,0.146946,0.295897,0.132111,0.550195,0.243423,0.387633,0.511091,0.496990,0.340776,0.559117,0.273661,0.023066,0.204133,0.130779,0.416660,0.349320,0.373886,0.150358,0.383151,0.444421,0.435151,0.410196,0.379317,0.608247,0.305738,0.303692,0.196104,0.484099,0.367897,0.522237,0.419067,0.385806,0.160354,0.524101,0.348214,0.383960,0.433189,0.292889,0.447489,0.418598,0.492998,0.412125,0.265408,0.334931,0.306281,0.447432,0.460421,0.528308,0.442773,0.375712,0.332399,0.303052,0.378860
0.350812,0.375574,0.420010,0.380148,0.599158,0.375495,0.430191,0.252276,0.503721,0.258946,0.512031,0.313301,0.320867,0.558186,0.397684,0.580685,0.375966,0.600860,0.357096,0.540194,0.243333,0.467742,0.353640,0.360901,0.322543,0.415775,0.395948,0.435528,0.422856,0.374815,0.290070,0.330763,0.489485,0.251036,0.317959,0.390179,0.370647,0.305711,0.326245,0.224194,0.318406,0.522105,0.241399,0.374554,0.446160,0.364135,0.314637,0.148150,0.298009,0.131926,0.551907,0.243416,0.387448,0.511820,0.497029,0.341964,0.558776,0.273515,0.022217,0.202601,0.130925,0.415754,0.349155,0.371793,0.149486,0.385286,0.444043,0.434812,0.411221,0.379737,0.608072,0.305886,0.303642,0.196917,0.484184,0.366895,0.521851,0.420084,0.386035,0.161929,0.522599,0.347879,0.383967,0.433657,0.291315,0.448288,0.418210,0.492388,0.410138,0.265067,0.336032,0.306260,0.448798,0.460298,0.527869,0.442296,0.375675,0.332207,0.302574,0.379081
0.351714,0.374184,0.417877,0.381724,0.600640,0.375446,0.430333,0.253042,0.505310,0.258926,0.512547,0.312645,0.323124,0.559169,0.398214,0.580887,0.375771,0.600054,0.357573,0.540908,0.244431,0.467844,0.353166,0.361774,0.322274,0.413324,0.395826,0.435391,0.423722,0.374702,0.289690,0.330788,0.490734,0.252307,0.314813,0.390069,0.371452,0.305452,0.326100,0.224753,0.318392,0.523686,0.240544,0.374896,0.447616,0.363709,0.315775,0.147901,0.295754,0.131736,0.548545,0.245052,0.389313,0.510535,0.497607,0.339992,0.557827,0.273381,0.023787,0.204422,0.130103,0.416069,0.349276,0.371642,0.149935,0.384656,0.445960,0.434438,0.411802,0.379512,0.607336,0.305325,0.303550,0.197467,0.485169,0.367789,0.521974,0.420999,0.387190,0.163213,0.521518,0.347869,0.386852,0.432919,0.290407,0.450175,0.417984,0.492613,0.410068,0.264284,0.334529,0.307493,0.447650,0.459708,0.527592,0.443559,0.375601,0.332068,0.303705,0.378937
0.353093,0.375314,0.419321,0.382565,0.600975,0.375252,0.429681,0.252290,0.505240,0.256025,0.511975,0.314163,0.323086,0.559098,0.397145,0.580934,0.375686,0.600601,0.358725,0.541187,0.245180,0.468325,0.354247,0.360159,0.323327,0.415169,0.395703,0.435377,0.424531,0.374192,0.289960,0.330844,0.489682,0.252579,0.317511,0.390523,0.369031,0.304522,0.325373,0.225205,0.318369,0.523048,0.241272,0.376329,0.447639,0.363450,0.315907,0.148788,0.297435,0.131681,0.546969,0.244316,0.390371,0.510607,0.497460,0.337700,0.558076,0.273518,0.025247,0.201417,0.130316,0.416867,0.349458,0.373189,0.150767,0.381752,0.446989,0.433906,0.410736,0.379191,0.606272,0.305919,0.303705,0.195901,0.485176,0.368916,0.521850,0.421135,0.387136,0.160782,0.522742,0.348830,0.386217,0.433005,0.290552,0.451246,0.418034,0.493272,0.410971,0.265760,0.334085,0.308099,0.447458,0.459082,0.527425,0.442652,0.375578,0.332479,0.301810,0.379031
0.352630,0.375908,0.419146,0.379785,0.601238,0.375292,0.429514,0.252797,0.505737,0.257362,0.511102,0.313143,0.322327,0.558754,0.398141,0.580997,0.374145,0.600388,0.357965,0.539503,0.245189,0.467091,0.354441,0.360354,0.323455,0.415194,0.395540,0.434842,0.425248,0.374331,0.288904,0.332433,0.491240,0.253535,0.319639,0.390605,0.371186,0.306949,0.325498,0.225654,0.317929,0.524219,0.242121,0.374926,0.446876,0.366706,0.314818,0.148314,0.297343,0.131623,0.547748,0.245589,0.388989,0.509835,0.497907,0.337830,0.558321,0.273544,0.026493,0.204753,0.131482,0.417538,0.349528,0.371441,0.149840,0.383113,0.446126,0.433955,0.410154,0.379624,0.605902,0.306061,0.303849,0.196117,0.484021,0.369104,0.521606,0.421712,0.385871,0.160813,0.520890,0.348388,0.385724,0.431739,0.291015,0.450286,0.418068,0.492830,0.412929,0.265059,0.333843,0.306010,0.447878,0.460213,0.527332,0.445828,0.376645,0.332706,0.302269,0.379465
0.352428,0.376618,0.420467,0.380480,0.601382,0.374882,0.430515,0.252783,0.506317,0.257292,0.510714,0.313843,0.324751,0.559444,0.397898,0.580823,0.373084,0.599662,0.357233,0.540074,0.244681,0.467599,0.354500,0.360801,0.322748,0.415176,0.395524,0.435086,0.425761,0.374339,0.288335,0.333287,0.490180,0.252752,0.320078,0.390315,0.371518,0.308134,0.325442,0.226028,0.321799,0.522956,0.240864,0.375194,0.448468,0.368816,0.315927,0.148878,0.296780,0.131565,0.549281,0.244318,0.388077,0.509864,0.497738,0.339324,0.559389,0.273790,0.024955,0.203198,0.132454,0.417871,0.349606,0.369154,0.151286,0.380928,0.447070,0.434230,0.411146,0.379977,0.605133,0.306087,0.304942,0.195205,0.482771,0.367726,0.522125,0.422046,0.386206,0.160518,0.520025,0.348020,0.385309,0.433811,0.290976,0.449273,0.416137,0.494078,0.413880,0.264400,0.333312,0.304982,0.447657,0.460980,0.528163,0.444548,0.376475,0.332433,0.302418,0.379126
0.352579,0.376703,0.421213,0.382205,0.599058,0.375379,0.432917,0.252029,0.503955,0.258061,0.509728,0.314360,0.326693,0.559809,0.398499,0.580947,0.373819,0.600162,0.357679,0.538995,0.243695,0.468316,0.352681,0.361037,0.322380,0.412530,0.395465,0.434668,0.425465,0.373854,0.289296,0.334914,0.489591,0.252611,0.317824,0.390161,0.373281,0.306672,0.326174,0.225287,0.320593,0.522307,0.240183,0.375954,0.446880,0.368013,0.316071,0.149166,0.295224,0.131638,0.549602,0.245094,0.387238,0.511130,0.497705,0.341283,0.558855,0.273867,0.026129,0.203999,0.132826,0.418444,0.349449,0.369295,0.151315,0.382178,0.445934,0.434770,0.410262,0.380152,0.607606,0.305145,0.303685,0.196527,0.483945,0.366753,0.522245,0.419568,0.387330,0.160917,0.519631,0.347795,0.384441,0.434121,0.293063,0.444419,0.416985,0.493020,0.411954,0.264020,0.333507,0.305336,0.447589,0.460250,0.527744,0.446896,0.376271,0.332312,0.302801,0.379547
0.352378,0.376780,0.420428,0.379583,0.599807,0.375532,0.430980,0.252163,0.506676,0.258619,0.512424,0.315127,0.326852,0.558771,0.398106,0.579845,0.375229,0.600610,0.357110,0.539859,0.245467,0.468625,0.353557,0.361745,0.322174,0.414150,0.395484,0.434965,0.425308,0.373959,0.289792,0.332800,0.491198,0.252367,0.316068,0.390194,0.373679,0.307973,0.326246,0.225602,0.319516,0.522413,0.241182,0.376041,0.444688,0.369500,0.316283,0.149343,0.294443,0.132431,0.551585,0.244614,0.387110,0.510199,0.498064,0.341148,0.558333,0.273747,0.024693,0.202822,0.131547,0.417491,0.349538,0.371230,0.151177,0.380349,0.444875,0.434622,0.410281,0.380190,0.606936,0.305904,0.304789,0.196548,0.484262,0.366563,0.522609,0.420769,0.385996,0.162314,0.521706,0.349401,0.387223,0.434336,0.289447,0.446732,0.417606,0.494124,0.413338,0.264092,0.333477,0.306308,0.447090,0.460843,0.528687,0.444547,0.376968,0.332266,0.301310,0.379608
0.353751,0.374771,0.419977,0.381458,0.600013,0.375756,0.431980,0.252469,0.504135,0.259020,0.512658,0.315536,0.327939,0.558273,0.397135,0.580043,0.375393,0.600334,0.357565,0.540631,0.244067,0.464623,0.353180,0.359218,0.322173,0.412712,0.395535,0.434549,0.425818,0.375115,0.290023,0.330657,0.490950,0.253218,0.315457,0.390106,0.375208,0.307123,0.327391,0.225038,0.319714,0.523620,0.241800,0.376385,0.446892,0.370294,0.316337,0.149342,0.294165,0.133116,0.550670,0.245248,0.386748,0.511932,0.496560,0.340251,0.557656,0.273743,0.026661,0.203225,0.131532,0.417967,0.350447,0.372877,0.150178,0.379430,0.446450,0.435832,0.411466,0.379543,0.607118,0.306282,0.304202,0.194211,0.485365,0.368086,0.522160,0.420977,0.384017,0.161266,0.522864,0.350207,0.386015,0.434132,0.290401,0.448681,0.420551,0.494728,0.412689,0.263857,0.333332,0.305047,0.447595,0.459721,0.528939,0.444758,0.376603,0.332294,0.302149,0.379559
0.354152,0.375213,0.419587,0.379193,0.598061,0.376108,0.431868,0.251977,0.504636,0.259266,0.510756,0.314052,0.327866,0.558276,0.398259,0.580408,0.375525,0.602101,0.356792,0.539530,0.242597,0.466234,0.353445,0.357864,0.322027,0.414021,0.395641,0.434856,0.423742,0.376024,0.290426,0.332019,0.490844,0.253908,0.314153,0.390560,0.372226,0.306186,0.328369,0.224822,0.319073,0.523587,0.242109,0.375254,0.447405,0.367835,0.316866,0.149428,0.293954,0.132767,0.550568,0.244059,0.386851,0.510687,0.497410,0.341865,0.557792,0.273868,0.028297,0.203360,0.132122,0.418237,0.350012,0.373770,0.149409,0.380828,0.445814,0.436519,0.412064,0.379129,0.606551,0.305847,0.303955,0.196126,0.484861,0.367239,0.522332,0.421113,0.383548,0.160368,0.521783,0.348955,0.388449,0.433390,0.292698,0.450556,0.419505,0.494405,0.413666,0.264020,0.333789,0.306170,0.447102,0.460493,0.529314,0.443414,0.376386,0.332286,0.302586,0.379562
0.353131,0.375812,0.419233,0.381548,0.599751,0.376609,0.433685,0.252762,0.505732,0.259143,0.510538,0.312932,0.328078,0.558310,0.398532,0.581623,0.376178,0.601564,0.357330,0.538970,0.241798,0.466053,0.353172,0.359051,0.321636,0.414943,0.395617,0.435060,0.423821,0.375822,0.289983,0.330247,0.490485,0.254457,0.317009,0.390281,0.372415,0.307904,0.326281,0.225282,0.322336,0.522503,0.240960,0.376091,0.448354,0.367392,0.316539,0.152962,0.295782,0.133228,0.550146,0.245248,0.388957,0.510056,0.496214,0.341524,0.558208,0.274256,0.028896,0.202960,0.132031,0.416633,0.349830,0.373711,0.150212,0.379704,0.444873,0.435580,0.412152,0.379495,0.606132,0.305575,0.303793,0.194038,0.483509,0.366596,0.522069,0.422696,0.386617,0.160863,0.520531,0.349368,0.390331,0.433429,0.291913,0.445117,0.420275,0.493651,0.410876,0.264197,0.333747,0.306307,0.448610,0.460535,0.529318,0.443487,0.376194,0.332282,0.303734,0.379142
0.352942,0.376190,0.419043,0.380994,0.600237,0.376895,0.431151,0.252790,0.503606,0.259065,0.511749,0.312673,0.328020,0.558002,0.398344,0.581418,0.374576,0.601996,0.357421,0.537642,0.243974,0.467018,0.353770,0.360138,0.321743,0.412496,0.394864,0.436541,0.424574,0.375187,0.290184,0.333135,0.489666,0.254291,0.317390,0.389993,0.374154,0.307177,0.329534,0.224973,0.321111,0.521947,0.241968,0.376267,0.448904,0.368931,0.316315,0.151835,0.295174,0.132954,0.551827,0.244893,0.387894,0.509493,0.496861,0.343443,0.559365,0.274379,0.029516,0.200682,0.132357,0.417799,0.349569,0.371785,0.151022,0.382971,0.446464,0.436403,0.412106,0.379816,0.605842,0.305912,0.305251,0.196031,0.484148,0.366523,0.521994,0.422669,0.387448,0.159648,0.521628,0.348554,0.391827,0.433959,0.293557,0.447256,0.419499,0.492886,0.411436,0.264005,0.333739,0.306499,0.449436,0.460805,0.528352,0.442806,0.375802,0.332402,0.303229,0.379210
0.351666,0.375670,0.419039,0.380619,0.600663,0.376614,0.431500,0.253219,0.506552,0.259064,0.510234,0.312262,0.323864,0.557920,0.397992,0.581264,0.375144,0.602117,0.356952,0.536934,0.245666,0.463824,0.354439,0.358531,0.321549,0.414958,0.395219,0.435490,0.425147,0.375209,0.289092,0.330791,0.489962,0.253531,0.314473,0.390535,0.375645,0.306245,0.330046,0.224584,0.319244,0.522540,0.240768,0.375038,0.445816,0.366384,0.316862,0.150721,0.294481,0.132704,0.550945,0.244304,0.388111,0.509449,0.496003,0.343438,0.558961,0.274370,0.030001,0.201124,0.131350,0.416496,0.350477,0.373176,0.150059,0.384763,0.445631,0.435521,0.411289,0.379420,0.605590,0.306212,0.304416,0.197041,0.485561,0.367885,0.522223,0.422624,0.387918,0.160292,0.522887,0.347644,0.390122,0.433793,0.291873,0.443462,0.420081,0.492904,0.410897,0.263954,0.333772,0.306290,0.449912,0.461339,0.527941,0.443151,0.375734,0.331871,0.303219,0.379404
0.352116,0.376241,0.417362,0.380839,0.598442,0.375586,0.431657,0.253520,0.506299,0.259250,0.511527,0.313492,0.323733,0.557799,0.397713,0.581094,0.375472,0.602506,0.356292,0.538758,0.245368,0.465909,0.354838,0.359548,0.322976,0.416027,0.394629,0.435878,0.424699,0.375149,0.289183,0.333742,0.491006,0.254438,0.313459,0.388979,0.375359,0.307842,0.332449,0.225227,0.318316,0.523558,0.241433,0.375589,0.447032,0.365861,0.315544,0.150200,0.297430,0.133286,0.549689,0.243718,0.389701,0.509496,0.496775,0.342311,0.558392,0.274338,0.029099,0.202242,0.130434,0.415811,0.351042,0.373931,0.149245,0.385604,0.444746,0.436437,0.411019,0.379081,0.607897,0.306833,0.303992,0.197390,0.485438,0.367229,0.522204,0.423682,0.385683,0.161918,0.523466,0.347587,0.391615,0.435060,0.291791,0.441596,0.419166,0.494147,0.410485,0.261175,0.335333,0.306039,0.448086,0.460882,0.528226,0.443273,0.376738,0.332106,0.304102,0.379897
0.353515,0.375541,0.418382,0.379279,0.600103,0.375412,0.431236,0.253523,0.503930,0.259140,0.510114,0.312510,0.322835,0.558928,0.397936,0.581194,0.376483,0.603919,0.357704,0.538660,0.244673,0.465866,0.354422,0.358144,0.322620,0.413581,0.395232,0.436848,0.425107,0.375330,0.289918,0.332371,0.489916,0.253670,0.313279,0.389247,0.376794,0.308672,0.331457,0.225687,0.318346,0.522407,0.240585,0.374857,0.448218,0.365923,0.313831,0.149943,0.297624,0.132980,0.550274,0.244016,0.388544,0.509381,0.497074,0.340297,0.557633,0.274246,0.030246,0.205182,0.130729,0.417120,0.350471,0.374556,0.150065,0.386108,0.446460,0.434863,0.410429,0.379479,0.608051,0.305799,0.303179,0.197742,0.485442,0.368307,0.522430,0.422760,0.383889,0.160497,0.523721,0.347792,0.389962,0.434294,0.288822,0.440680,0.416838,0.494487,0.409329,0.264604,0.333600,0.305952,0.448234,0.460125,0.528461,0.446282,0.374709,0.333175,0.303745,0.380078
0.352268,0.375986,0.420022,0.379728,0.598060,0.375348,0.432130,0.252846,0.502747,0.259037,0.512511,0.313594,0.322814,0.558256,0.397710,0.581142,0.376190,0.603078,0.358905,0.539860,0.244881,0.467258,0.354324,0.360321,0.325084,0.412292,0.396596,0.437359,0.424832,0.377115,0.288424,0.334331,0.489934,0.253417,0.314434,0.389662,0.376426,0.306976,0.333561,0.225140,0.317898,0.522018,0.240216,0.376420,0.449309,0.368415,0.315596,0.149819,0.297548,0.133516,0.550154,0.244916,0.387957,0.509754,0.497141,0.339235,0.557314,0.274406,0.029337,0.203724,0.131476,0.417550,0.350192,0.374641,0.150884,0.384385,0.445781,0.434039,0.410588,0.379053,0.609855,0.305552,0.302727,0.197985,0.483824,0.367379,0.522077,0.423558,0.382999,0.158700,0.522478,0.348769,0.388696,0.435329,0.287273,0.445061,0.418568,0.493666,0.410559,0.266040,0.332613,0.307317,0.448267,0.460879,0.528571,0.444806,0.373067,0.332752,0.304423,0.380585
